,Chr,Start,End,Ref,Alt,Func.refGene,Gene.refGene
3475,chr1,22594956,22594956,C,T,intergenic,MIR4418;ZBTB40
3476,chr1,22599878,22599878,T,C,intergenic,MIR4418;ZBTB40
3477,chr1,22600073,22600073,T,C,intergenic,MIR4418;ZBTB40
3478,chr1,22603366,22603366,C,T,intergenic,MIR4418;ZBTB40
3479,chr1,22612690,22612690,A,G,intergenic,MIR4418;ZBTB40
3480,chr1,22615740,22615740,C,A,intergenic,MIR4418;ZBTB40
3481,chr1,22615804,22615804,A,G,intergenic,MIR4418;ZBTB40
3482,chr1,22616583,22616583,G,A,intergenic,MIR4418;ZBTB40
3483,chr1,22616978,22616978,G,A,intergenic,MIR4418;ZBTB40
3484,chr1,22625246,22625246,A,C,intergenic,MIR4418;ZBTB40
3485,chr1,22626370,22626370,G,T,intergenic,MIR4418;ZBTB40
3486,chr1,22640192,22640192,T,C,intergenic,MIR4418;ZBTB40
3487,chr1,22648411,22648411,C,T,intergenic,MIR4418;ZBTB40
3488,chr1,22649994,22649994,A,G,intergenic,MIR4418;ZBTB40
3489,chr1,22683030,22683030,A,G,intergenic,MIR4418;ZBTB40
3490,chr1,22683405,22683405,T,C,intergenic,MIR4418;ZBTB40
3491,chr1,22685251,22685251,G,A,intergenic,MIR4418;ZBTB40
3492,chr1,22687651,22687651,G,A,intergenic,MIR4418;ZBTB40
3493,chr1,22690417,22690417,C,T,intergenic,MIR4418;ZBTB40
3494,chr1,22690923,22690923,T,G,intergenic,MIR4418;ZBTB40
3495,chr1,22691058,22691058,A,C,intergenic,MIR4418;ZBTB40
3496,chr1,22698447,22698447,A,G,intergenic,MIR4418;ZBTB40
3497,chr1,22701924,22701924,C,T,intergenic,MIR4418;ZBTB40
3498,chr1,22702231,22702231,T,C,intergenic,MIR4418;ZBTB40
3499,chr1,22702858,22702858,G,T,intergenic,MIR4418;ZBTB40
3500,chr1,22706579,22706579,G,A,intergenic,MIR4418;ZBTB40
3501,chr1,22707565,22707565,C,T,intergenic,MIR4418;ZBTB40
3502,chr1,22711378,22711378,T,C,intergenic,MIR4418;ZBTB40
3503,chr1,22713451,22713451,C,T,intergenic,MIR4418;ZBTB40
3504,chr1,22718261,22718261,T,C,intergenic,MIR4418;ZBTB40
3505,chr1,22718991,22718991,G,A,intergenic,MIR4418;ZBTB40
3506,chr1,22722374,22722374,G,T,intergenic,MIR4418;ZBTB40
3507,chr1,22726495,22726495,A,G,intergenic,MIR4418;ZBTB40
3508,chr1,22731269,22731269,G,A,intergenic,MIR4418;ZBTB40
3509,chr1,22732518,22732518,T,C,intergenic,MIR4418;ZBTB40
3510,chr1,22734591,22734591,A,G,intergenic,MIR4418;ZBTB40
3511,chr1,22735906,22735906,A,C,intergenic,MIR4418;ZBTB40
3512,chr1,22774266,22774266,C,T,intergenic,MIR4418;ZBTB40
3513,chr1,22782602,22782602,A,G,intronic,ZBTB40
3514,chr1,22784335,22784335,C,T,intronic,ZBTB40
3515,chr1,22787711,22787711,G,A,intronic,ZBTB40
3516,chr1,22788224,22788224,A,G,intronic,ZBTB40
3517,chr1,22789741,22789741,T,C,intronic,ZBTB40
3518,chr1,22790455,22790455,A,C,intronic,ZBTB40
3519,chr1,22795459,22795459,A,G,intronic,ZBTB40
3520,chr1,22802072,22802072,A,G,intronic,ZBTB40
3521,chr1,22803195,22803195,T,G,intronic,ZBTB40
3522,chr1,22807171,22807171,T,G,intronic,ZBTB40
3523,chr1,22814289,22814289,T,C,intronic,ZBTB40
3524,chr1,22814354,22814354,C,T,intronic,ZBTB40
3525,chr1,22816233,22816233,C,T,intronic,ZBTB40
3526,chr1,22821968,22821968,T,C,intronic,ZBTB40
3527,chr1,22825968,22825968,G,A,intronic,ZBTB40
3528,chr1,22835677,22835677,A,G,exonic,ZBTB40
3529,chr1,22837849,22837849,C,T,intronic,ZBTB40
3530,chr1,22840461,22840461,C,T,intronic,ZBTB40
3531,chr1,22843428,22843428,G,A,intronic,ZBTB40
3532,chr1,22847797,22847797,G,A,intronic,ZBTB40
3533,chr1,22855441,22855441,C,T,UTR3,ZBTB40
3534,chr1,22863296,22863296,T,C,intergenic,ZBTB40;EPHA8
3535,chr1,22863993,22863993,A,G,intergenic,ZBTB40;EPHA8
4506,chr1,28990922,28990922,A,G,intergenic,LINC01715;GMEB1
4507,chr1,29001893,29001893,T,C,intronic,GMEB1
4508,chr1,29004746,29004746,A,G,intronic,GMEB1
4509,chr1,29013516,29013516,A,G,intronic,GMEB1
4510,chr1,29027654,29027654,A,G,intronic,GMEB1
4511,chr1,29032756,29032756,T,C,intronic,GMEB1
4512,chr1,29045123,29045123,A,G,UTR3,GMEB1
4513,chr1,29047110,29047110,C,T,intergenic,GMEB1;YTHDF2
4514,chr1,29060898,29060898,C,T,intergenic,GMEB1;YTHDF2
31679,chr1,173891817,173891817,G,A,intergenic,SERPINC1;RC3H1
31680,chr1,173892101,173892101,G,A,intergenic,SERPINC1;RC3H1
31681,chr1,173896153,173896153,G,A,intergenic,SERPINC1;RC3H1
31682,chr1,173903737,173903737,G,A,UTR3,RC3H1
31683,chr1,173907812,173907812,C,T,UTR3,RC3H1
31684,chr1,173926419,173926419,A,G,intronic,RC3H1
31685,chr1,173937415,173937415,A,G,intronic,RC3H1
31686,chr1,173950282,173950282,T,C,intronic,RC3H1
31687,chr1,173964206,173964206,G,A,intergenic,RC3H1;RABGAP1L-DT
31688,chr1,173987798,173987798,A,G,intergenic,RC3H1;RABGAP1L-DT
31689,chr1,173995800,173995800,G,A,intergenic,RC3H1;RABGAP1L-DT
31690,chr1,174014507,174014507,C,T,intergenic,RC3H1;RABGAP1L-DT
31691,chr1,174016774,174016774,A,G,intergenic,RC3H1;RABGAP1L-DT
31692,chr1,174019733,174019733,A,G,intergenic,RC3H1;RABGAP1L-DT
31693,chr1,174040594,174040594,C,T,intergenic,RC3H1;RABGAP1L-DT
31694,chr1,174060062,174060062,A,G,intergenic,RC3H1;RABGAP1L-DT
31695,chr1,174061844,174061844,A,C,intergenic,RC3H1;RABGAP1L-DT
31696,chr1,174083468,174083468,G,T,intergenic,RC3H1;RABGAP1L-DT
31697,chr1,174084104,174084104,G,A,intergenic,RC3H1;RABGAP1L-DT
31698,chr1,174088686,174088686,T,C,intergenic,RC3H1;RABGAP1L-DT
93088,chr11,33724780,33724780,T,C,UTR3,CD59
93089,chr11,33724992,33724992,T,C,UTR3,CD59
93090,chr11,33726222,33726222,G,A,UTR3,CD59
93091,chr11,33726980,33726980,A,G,UTR3,CD59
93092,chr11,33730060,33730060,A,C,UTR3,CD59
93093,chr11,33731406,33731406,C,T,UTR3,CD59
93094,chr11,33737733,33737733,T,C,intronic,CD59
93095,chr11,33738267,33738267,C,T,intronic,CD59
93096,chr11,33741748,33741748,C,T,intronic,CD59
93097,chr11,33743534,33743534,A,G,intronic,CD59
93098,chr11,33744664,33744664,A,G,intronic,CD59
93099,chr11,33746350,33746350,T,C,intronic,CD59
93100,chr11,33752403,33752403,A,G,intronic,CD59
93101,chr11,33754477,33754477,T,C,intronic,CD59
93102,chr11,33757092,33757092,T,C,intronic,CD59
93103,chr11,33757770,33757770,G,A,intronic,CD59
216037,chr16,53769293,53769293,G,A,intronic,FTO
216038,chr16,53769677,53769677,G,A,intronic,FTO
216039,chr16,53790402,53790402,C,T,intronic,FTO
216040,chr16,53800568,53800568,G,A,intronic,FTO
216041,chr16,53800754,53800754,G,A,intronic,FTO
216042,chr16,53804965,53804965,T,C,intronic,FTO
216043,chr16,53809247,53809247,G,A,intronic,FTO
216044,chr16,53812614,53812614,G,A,intronic,FTO
216045,chr16,53821862,53821862,C,T,intronic,FTO
216046,chr16,53825488,53825488,C,T,intronic,FTO
216047,chr16,53830465,53830465,A,G,intronic,FTO
216048,chr16,53839135,53839135,T,C,intronic,FTO
216049,chr16,53843533,53843533,T,C,intronic,FTO
216050,chr16,53855600,53855600,A,G,intronic,FTO
216051,chr16,53858024,53858024,C,T,intronic,FTO
216052,chr16,53858583,53858583,A,G,intronic,FTO
216053,chr16,53858912,53858912,C,T,intronic,FTO
216054,chr16,53860481,53860481,G,A,intronic,FTO
216055,chr16,53861024,53861024,A,G,intronic,FTO
216056,chr16,53865701,53865701,A,G,intronic,FTO
216057,chr16,53865975,53865975,C,T,intronic,FTO
216058,chr16,53867459,53867459,C,T,intronic,FTO
216059,chr16,53868316,53868316,G,T,intronic,FTO
216060,chr16,53870806,53870806,C,T,intronic,FTO
216061,chr16,53871806,53871806,T,G,intronic,FTO
216062,chr16,53871903,53871903,A,C,intronic,FTO
216063,chr16,53872042,53872042,T,C,intronic,FTO
216064,chr16,53873103,53873103,G,T,intronic,FTO
216065,chr16,53874401,53874401,C,T,intronic,FTO
216066,chr16,53875016,53875016,A,G,intronic,FTO
216067,chr16,53876444,53876444,C,T,intronic,FTO
216068,chr16,53876542,53876542,G,A,intronic,FTO
216069,chr16,53876566,53876566,C,T,intronic,FTO
216070,chr16,53882371,53882371,T,C,intronic,FTO
216071,chr16,53883452,53883452,T,C,intronic,FTO
216072,chr16,53884404,53884404,A,G,intronic,FTO
216073,chr16,53887442,53887442,G,T,intronic,FTO
216074,chr16,53888439,53888439,C,T,intronic,FTO
216075,chr16,53903689,53903689,A,G,intronic,FTO
216076,chr16,53906099,53906099,G,A,intronic,FTO
216077,chr16,53908657,53908657,T,C,intronic,FTO
216078,chr16,53909185,53909185,G,T,intronic,FTO
216079,chr16,53911770,53911770,G,T,intronic,FTO
216080,chr16,53912466,53912466,T,C,intronic,FTO
216081,chr16,53916879,53916879,G,A,intronic,FTO
216082,chr16,53920666,53920666,C,T,intronic,FTO
216083,chr16,53931440,53931440,A,G,intronic,FTO
216084,chr16,53933547,53933547,C,T,intronic,FTO
216085,chr16,53933972,53933972,C,T,intronic,FTO
216086,chr16,53937632,53937632,T,C,intronic,FTO
216087,chr16,53938050,53938050,T,C,intronic,FTO
216088,chr16,53942284,53942284,C,T,intronic,FTO
216089,chr16,53942805,53942805,T,C,intronic,FTO
216090,chr16,53943239,53943239,T,C,intronic,FTO
216091,chr16,53946501,53946501,G,A,intronic,FTO
216092,chr16,53949916,53949916,A,G,intronic,FTO
216093,chr16,53952946,53952946,G,A,intronic,FTO
216094,chr16,53953119,53953119,T,G,intronic,FTO
216095,chr16,53953145,53953145,T,C,intronic,FTO
216096,chr16,53953998,53953998,T,C,intronic,FTO
216097,chr16,53956052,53956052,C,T,intronic,FTO
216098,chr16,53960527,53960527,C,T,intronic,FTO
216099,chr16,53981421,53981421,A,G,intronic,FTO
216100,chr16,53983480,53983480,A,C,intronic,FTO
216101,chr16,53990953,53990953,C,T,intronic,FTO
216102,chr16,53994614,53994614,T,C,intronic,FTO
216103,chr16,54021009,54021009,G,A,intronic,FTO
216104,chr16,54025172,54025172,G,A,intronic,FTO
216105,chr16,54026681,54026681,C,T,intronic,FTO
216106,chr16,54026739,54026739,A,G,intronic,FTO
216107,chr16,54027493,54027493,A,G,intronic,FTO
216108,chr16,54029528,54029528,G,A,intronic,FTO
216109,chr16,54032562,54032562,C,T,intronic,FTO
216110,chr16,54033075,54033075,A,G,intronic,FTO
216111,chr16,54033085,54033085,C,T,intronic,FTO
216112,chr16,54033135,54033135,C,T,intronic,FTO
216113,chr16,54033845,54033845,T,C,intronic,FTO
216114,chr16,54034145,54034145,T,C,intronic,FTO
216115,chr16,54034941,54034941,C,T,intronic,FTO
216116,chr16,54036243,54036243,T,G,intronic,FTO
216117,chr16,54036352,54036352,G,A,intronic,FTO
216118,chr16,54040916,54040916,A,G,intronic,FTO
216119,chr16,54041779,54041779,C,T,intronic,FTO
216120,chr16,54042041,54042041,A,G,intronic,FTO
216121,chr16,54043514,54043514,G,A,intronic,FTO
216122,chr16,54044515,54044515,C,T,intronic,FTO
216123,chr16,54049153,54049153,T,C,intronic,FTO
216124,chr16,54049665,54049665,C,T,intronic,FTO
216125,chr16,54049767,54049767,G,A,intronic,FTO
216126,chr16,54050649,54050649,T,C,intronic,FTO
216127,chr16,54052885,54052885,C,T,intronic,FTO
216128,chr16,54056159,54056159,C,T,intronic,FTO
216129,chr16,54057749,54057749,A,G,intronic,FTO
216130,chr16,54060205,54060205,G,A,intronic,FTO
216131,chr16,54060594,54060594,T,C,intronic,FTO
216132,chr16,54068121,54068121,T,C,intronic,FTO
216133,chr16,54069465,54069465,A,G,intronic,FTO
216134,chr16,54074627,54074627,T,C,intronic,FTO
216135,chr16,54075698,54075698,A,G,intronic,FTO
216136,chr16,54082294,54082294,A,G,intronic,FTO
216137,chr16,54082370,54082370,A,G,intronic,FTO
216138,chr16,54083167,54083167,T,C,intronic,FTO
216139,chr16,54087859,54087859,C,A,intronic,FTO
216140,chr16,54089072,54089072,T,C,intronic,FTO
216141,chr16,54091078,54091078,A,C,intronic,FTO
216142,chr16,54095865,54095865,C,T,intronic,FTO
216143,chr16,54097177,54097177,T,C,intronic,FTO
216144,chr16,54100369,54100369,T,C,intronic,FTO
216145,chr16,54102766,54102766,G,A,intronic,FTO
216146,chr16,54107962,54107962,A,C,intronic,FTO
216147,chr16,54108698,54108698,C,A,intronic,FTO
216148,chr16,54114824,54114824,G,A,intronic,FTO
216149,chr16,54115369,54115369,A,G,intronic,FTO
216150,chr16,54117511,54117511,G,A,intronic,FTO
216151,chr16,54118435,54118435,A,C,intronic,FTO
216152,chr16,54119892,54119892,T,C,intronic,FTO
216153,chr16,54120330,54120330,T,G,intronic,FTO
216154,chr16,54120384,54120384,C,T,intronic,FTO
216155,chr16,54121747,54121747,A,G,intronic,FTO
216156,chr16,54123389,54123389,A,G,intronic,FTO
216157,chr16,54123512,54123512,G,A,intronic,FTO
216158,chr16,54126617,54126617,T,C,intronic,FTO
216159,chr16,54127879,54127879,T,C,intronic,FTO
216160,chr16,54128426,54128426,A,G,intronic,FTO
216161,chr16,54130170,54130170,G,T,intronic,FTO
216162,chr16,54131681,54131681,A,G,intronic,FTO
216163,chr16,54133650,54133650,G,A,intronic,FTO
216164,chr16,54133800,54133800,C,T,intronic,FTO
216165,chr16,54134802,54134802,C,T,intronic,FTO
216166,chr16,54137259,54137259,G,A,intronic,FTO
216167,chr16,54137980,54137980,C,T,intronic,FTO
216168,chr16,54144925,54144925,A,G,intronic,FTO
216169,chr16,54152730,54152730,A,G,UTR3,FTO
216170,chr16,54155742,54155742,T,C,UTR3,FTO
216171,chr16,54166636,54166636,T,C,intergenic,FTO;LINC02169
216172,chr16,54168893,54168893,G,A,intergenic,FTO;LINC02169
216173,chr16,54174285,54174285,A,G,intergenic,FTO;LINC02169
216174,chr16,54175645,54175645,C,T,intergenic,FTO;LINC02169
216175,chr16,54179910,54179910,C,T,intergenic,FTO;LINC02169
216176,chr16,54183246,54183246,A,G,intergenic,FTO;LINC02169
216177,chr16,54183759,54183759,T,C,intergenic,FTO;LINC02169
216178,chr16,54183884,54183884,C,T,intergenic,FTO;LINC02169
216179,chr16,54187651,54187651,T,C,intergenic,FTO;LINC02169
216180,chr16,54189238,54189238,C,T,intergenic,FTO;LINC02169
216181,chr16,54190017,54190017,G,A,intergenic,FTO;LINC02169
216182,chr16,54196189,54196189,G,A,intergenic,FTO;LINC02169
216183,chr16,54206026,54206026,C,T,intergenic,FTO;LINC02169
216184,chr16,54235381,54235381,T,C,intergenic,FTO;LINC02169
216185,chr16,54235440,54235440,A,G,intergenic,FTO;LINC02169
216186,chr16,54239701,54239701,A,G,intergenic,FTO;LINC02169
216187,chr16,54242664,54242664,T,C,intergenic,FTO;LINC02169
216188,chr16,54243548,54243548,G,A,intergenic,FTO;LINC02169
216189,chr16,54243731,54243731,C,T,intergenic,FTO;LINC02169
216190,chr16,54244754,54244754,C,T,intergenic,FTO;LINC02169
216191,chr16,54244920,54244920,T,C,intergenic,FTO;LINC02169
216192,chr16,54248648,54248648,C,A,intergenic,FTO;LINC02169
216193,chr16,54250020,54250020,C,T,intergenic,FTO;LINC02169
216194,chr16,54250112,54250112,G,A,intergenic,FTO;LINC02169
216195,chr16,54251204,54251204,C,T,intergenic,FTO;LINC02169
216196,chr16,54251362,54251362,G,T,intergenic,FTO;LINC02169
216197,chr16,54251664,54251664,C,T,intergenic,FTO;LINC02169
216198,chr16,54252833,54252833,G,A,intergenic,FTO;LINC02169
216199,chr16,54260723,54260723,T,C,intergenic,FTO;LINC02169
216200,chr16,54272374,54272374,A,G,intergenic,FTO;LINC02169
216201,chr16,54273278,54273278,A,G,intergenic,FTO;LINC02169
216202,chr16,54274020,54274020,G,A,intergenic,FTO;LINC02169
216203,chr16,54274354,54274354,A,C,intergenic,FTO;LINC02169
216204,chr16,54274562,54274562,T,C,intergenic,FTO;LINC02169
216205,chr16,54276243,54276243,G,T,intergenic,FTO;LINC02169
254540,chr18,59564053,59564053,G,T,intergenic,RNF152;PIGN
254541,chr18,59569880,59569880,C,T,intergenic,RNF152;PIGN
254542,chr18,59574836,59574836,T,C,intergenic,RNF152;PIGN
254543,chr18,59576291,59576291,A,G,intergenic,RNF152;PIGN
254544,chr18,59577310,59577310,A,G,intergenic,RNF152;PIGN
254545,chr18,59579590,59579590,A,G,intergenic,RNF152;PIGN
254546,chr18,59580679,59580679,C,T,intergenic,RNF152;PIGN
254547,chr18,59581799,59581799,C,T,intergenic,RNF152;PIGN
254548,chr18,59582287,59582287,C,T,intergenic,RNF152;PIGN
254549,chr18,59583694,59583694,T,C,intergenic,RNF152;PIGN
254550,chr18,59584497,59584497,A,G,intergenic,RNF152;PIGN
254551,chr18,59585959,59585959,T,C,intergenic,RNF152;PIGN
254552,chr18,59586558,59586558,T,G,intergenic,RNF152;PIGN
254553,chr18,59591393,59591393,G,T,intergenic,RNF152;PIGN
254554,chr18,59591945,59591945,C,T,intergenic,RNF152;PIGN
254555,chr18,59592031,59592031,G,A,intergenic,RNF152;PIGN
254556,chr18,59593278,59593278,C,T,intergenic,RNF152;PIGN
254557,chr18,59594265,59594265,C,T,intergenic,RNF152;PIGN
254558,chr18,59594659,59594659,A,G,intergenic,RNF152;PIGN
254559,chr18,59595655,59595655,G,T,intergenic,RNF152;PIGN
254560,chr18,59595972,59595972,T,C,intergenic,RNF152;PIGN
254561,chr18,59597254,59597254,C,T,intergenic,RNF152;PIGN
254562,chr18,59597633,59597633,C,T,intergenic,RNF152;PIGN
254563,chr18,59598292,59598292,C,T,intergenic,RNF152;PIGN
254564,chr18,59599974,59599974,A,G,intergenic,RNF152;PIGN
254565,chr18,59604590,59604590,G,A,intergenic,RNF152;PIGN
254566,chr18,59605439,59605439,C,T,intergenic,RNF152;PIGN
254567,chr18,59605800,59605800,G,A,intergenic,RNF152;PIGN
254568,chr18,59607931,59607931,A,G,intergenic,RNF152;PIGN
254569,chr18,59612908,59612908,T,C,intergenic,RNF152;PIGN
254570,chr18,59613278,59613278,C,T,intergenic,RNF152;PIGN
254571,chr18,59613555,59613555,C,A,intergenic,RNF152;PIGN
254572,chr18,59614001,59614001,A,G,intergenic,RNF152;PIGN
254573,chr18,59615808,59615808,A,G,intergenic,RNF152;PIGN
254574,chr18,59615834,59615834,G,A,intergenic,RNF152;PIGN
254575,chr18,59619234,59619234,T,C,intergenic,RNF152;PIGN
254576,chr18,59621444,59621444,T,C,intergenic,RNF152;PIGN
254577,chr18,59621578,59621578,G,A,intergenic,RNF152;PIGN
254578,chr18,59622117,59622117,A,G,intergenic,RNF152;PIGN
254579,chr18,59622818,59622818,C,T,intergenic,RNF152;PIGN
254580,chr18,59624353,59624353,A,G,intergenic,RNF152;PIGN
254581,chr18,59624975,59624975,G,A,intergenic,RNF152;PIGN
254582,chr18,59625480,59625480,C,T,intergenic,RNF152;PIGN
254583,chr18,59645371,59645371,C,T,intergenic,RNF152;PIGN
254584,chr18,59650513,59650513,G,A,intergenic,RNF152;PIGN
254585,chr18,59652166,59652166,G,A,intergenic,RNF152;PIGN
254586,chr18,59657583,59657583,G,A,intergenic,RNF152;PIGN
254587,chr18,59660180,59660180,G,A,intergenic,RNF152;PIGN
254588,chr18,59660890,59660890,C,T,intergenic,RNF152;PIGN
254589,chr18,59661927,59661927,T,C,intergenic,RNF152;PIGN
254590,chr18,59662341,59662341,C,T,intergenic,RNF152;PIGN
254591,chr18,59663565,59663565,C,T,intergenic,RNF152;PIGN
254592,chr18,59671605,59671605,C,T,intergenic,RNF152;PIGN
254593,chr18,59680136,59680136,C,A,intergenic,RNF152;PIGN
254594,chr18,59680507,59680507,G,A,intergenic,RNF152;PIGN
254595,chr18,59680556,59680556,C,T,intergenic,RNF152;PIGN
254596,chr18,59683363,59683363,A,G,intergenic,RNF152;PIGN
254597,chr18,59684083,59684083,C,T,intergenic,RNF152;PIGN
254598,chr18,59685558,59685558,A,C,intergenic,RNF152;PIGN
254599,chr18,59686284,59686284,T,C,intergenic,RNF152;PIGN
254600,chr18,59686660,59686660,T,C,intergenic,RNF152;PIGN
254601,chr18,59687537,59687537,C,A,intergenic,RNF152;PIGN
254602,chr18,59691300,59691300,G,A,intergenic,RNF152;PIGN
254603,chr18,59691752,59691752,T,C,intergenic,RNF152;PIGN
254604,chr18,59692698,59692698,G,A,intergenic,RNF152;PIGN
254605,chr18,59693041,59693041,C,T,intergenic,RNF152;PIGN
254606,chr18,59694919,59694919,G,T,intergenic,RNF152;PIGN
254607,chr18,59696613,59696613,G,T,intergenic,RNF152;PIGN
254608,chr18,59697039,59697039,T,C,intergenic,RNF152;PIGN
254609,chr18,59697596,59697596,T,C,intergenic,RNF152;PIGN
254610,chr18,59698876,59698876,G,A,intergenic,RNF152;PIGN
254611,chr18,59705182,59705182,G,T,intergenic,RNF152;PIGN
254612,chr18,59710327,59710327,T,C,UTR3,PIGN
254613,chr18,59711310,59711310,A,G,UTR3,PIGN
254614,chr18,59714791,59714791,T,C,intronic,PIGN
254615,chr18,59720984,59720984,A,G,intronic,PIGN
254616,chr18,59725938,59725938,T,C,intronic,PIGN
254617,chr18,59727715,59727715,T,C,intronic,PIGN
254618,chr18,59728583,59728583,C,T,intronic,PIGN
254619,chr18,59729644,59729644,C,T,intronic,PIGN
254620,chr18,59731955,59731955,G,A,intronic,PIGN
254621,chr18,59732274,59732274,G,A,intronic,PIGN
254622,chr18,59734744,59734744,T,C,intronic,PIGN
254623,chr18,59735460,59735460,T,C,intronic,PIGN
254624,chr18,59735993,59735993,A,G,intronic,PIGN
254625,chr18,59742712,59742712,C,A,intronic,PIGN
254626,chr18,59751190,59751190,T,C,intronic,PIGN
254627,chr18,59751331,59751331,A,G,intronic,PIGN
254628,chr18,59753109,59753109,T,C,intronic,PIGN
254629,chr18,59754290,59754290,C,T,intronic,PIGN
254630,chr18,59755567,59755567,C,T,intronic,PIGN
254631,chr18,59759334,59759334,A,G,intronic,PIGN
254632,chr18,59761656,59761656,C,T,intronic,PIGN
254633,chr18,59765637,59765637,G,A,intronic,PIGN
254634,chr18,59770033,59770033,C,T,exonic,PIGN
254635,chr18,59772585,59772585,C,T,intronic,PIGN
254636,chr18,59774037,59774037,C,T,exonic,PIGN
254637,chr18,59774186,59774186,T,C,intronic,PIGN
254638,chr18,59776728,59776728,T,C,intronic,PIGN
254639,chr18,59778224,59778224,T,G,intronic,PIGN
254640,chr18,59779231,59779231,G,A,intronic,PIGN
254641,chr18,59780424,59780424,A,G,exonic,PIGN
254642,chr18,59781800,59781800,A,G,exonic,PIGN
254643,chr18,59791520,59791520,A,G,intronic,PIGN
254644,chr18,59794491,59794491,T,C,intronic,PIGN
254645,chr18,59797153,59797153,A,G,intronic,PIGN
254646,chr18,59806190,59806190,C,T,intronic,PIGN
254647,chr18,59820308,59820308,A,G,intronic,PIGN
254648,chr18,59836405,59836405,A,G,intronic,PIGN
254649,chr18,59840204,59840204,C,T,intronic,PIGN
254650,chr18,59844304,59844304,G,T,intronic,PIGN
254651,chr18,59852101,59852101,T,C,intronic,PIGN
254652,chr18,59853006,59853006,T,G,intronic,PIGN
260497,chr19,13103638,13103638,T,C,intergenic,DAND5;NFIX
260498,chr19,13108622,13108622,T,C,intronic,NFIX
260499,chr19,13153035,13153035,G,A,intronic,NFIX
263296,chr19,34309277,34309277,A,G,intergenic,KCTD15;LSM14A
263297,chr19,34309532,34309532,A,G,intergenic,KCTD15;LSM14A
263298,chr19,34315896,34315896,C,T,intergenic,KCTD15;LSM14A
263299,chr19,34320854,34320854,A,C,intergenic,KCTD15;LSM14A
263300,chr19,34322137,34322137,A,G,intergenic,KCTD15;LSM14A
263301,chr19,34351775,34351775,A,C,intergenic,KCTD15;LSM14A
263302,chr19,34355502,34355502,C,T,intergenic,KCTD15;LSM14A
263303,chr19,34359334,34359334,C,A,intergenic,KCTD15;LSM14A
263304,chr19,34360629,34360629,G,A,intergenic,KCTD15;LSM14A
263305,chr19,34361122,34361122,A,G,intergenic,KCTD15;LSM14A
263306,chr19,34364064,34364064,A,G,intergenic,KCTD15;LSM14A
263307,chr19,34364123,34364123,A,G,intergenic,KCTD15;LSM14A
263308,chr19,34365487,34365487,G,A,intergenic,KCTD15;LSM14A
263309,chr19,34366025,34366025,A,G,intergenic,KCTD15;LSM14A
263310,chr19,34366126,34366126,G,A,intergenic,KCTD15;LSM14A
263311,chr19,34366393,34366393,C,T,intergenic,KCTD15;LSM14A
263312,chr19,34368697,34368697,G,T,intergenic,KCTD15;LSM14A
263313,chr19,34368885,34368885,G,A,intergenic,KCTD15;LSM14A
263314,chr19,34371044,34371044,G,A,intergenic,KCTD15;LSM14A
263315,chr19,34375631,34375631,T,C,intergenic,KCTD15;LSM14A
263316,chr19,34379488,34379488,T,C,intergenic,KCTD15;LSM14A
263317,chr19,34392158,34392158,T,G,intergenic,KCTD15;LSM14A
263318,chr19,34403671,34403671,A,G,intergenic,KCTD15;LSM14A
263319,chr19,34407747,34407747,A,G,intergenic,KCTD15;LSM14A
263320,chr19,34411472,34411472,C,T,intergenic,KCTD15;LSM14A
263321,chr19,34414326,34414326,G,A,intergenic,KCTD15;LSM14A
263322,chr19,34414365,34414365,A,C,intergenic,KCTD15;LSM14A
263323,chr19,34421191,34421191,C,T,intergenic,KCTD15;LSM14A
263324,chr19,34423978,34423978,G,T,intergenic,KCTD15;LSM14A
263325,chr19,34425185,34425185,G,A,intergenic,KCTD15;LSM14A
263326,chr19,34426101,34426101,C,A,intergenic,KCTD15;LSM14A
263327,chr19,34427823,34427823,G,A,intergenic,KCTD15;LSM14A
263328,chr19,34457352,34457352,A,G,intergenic,KCTD15;LSM14A
263329,chr19,34463467,34463467,T,C,intergenic,KCTD15;LSM14A
263330,chr19,34467703,34467703,C,T,intergenic,KCTD15;LSM14A
263331,chr19,34467832,34467832,G,A,intergenic,KCTD15;LSM14A
263332,chr19,34467960,34467960,A,G,intergenic,KCTD15;LSM14A
263333,chr19,34469289,34469289,G,T,intergenic,KCTD15;LSM14A
263334,chr19,34480641,34480641,A,C,intergenic,KCTD15;LSM14A
263335,chr19,34480911,34480911,A,C,intergenic,KCTD15;LSM14A
263336,chr19,34486033,34486033,T,G,intergenic,KCTD15;LSM14A
263337,chr19,34520077,34520077,G,A,intergenic,KCTD15;LSM14A
263338,chr19,34520517,34520517,G,T,intergenic,KCTD15;LSM14A
263339,chr19,34523783,34523783,A,G,intergenic,KCTD15;LSM14A
263340,chr19,34545555,34545555,G,T,intergenic,KCTD15;LSM14A
263341,chr19,34546877,34546877,G,A,intergenic,KCTD15;LSM14A
263342,chr19,34547442,34547442,A,G,intergenic,KCTD15;LSM14A
263343,chr19,34550142,34550142,G,A,intergenic,KCTD15;LSM14A
263344,chr19,34550916,34550916,G,A,intergenic,KCTD15;LSM14A
263345,chr19,34552893,34552893,G,T,intergenic,KCTD15;LSM14A
263346,chr19,34553925,34553925,G,A,intergenic,KCTD15;LSM14A
263347,chr19,34556297,34556297,G,A,intergenic,KCTD15;LSM14A
263348,chr19,34556604,34556604,G,A,intergenic,KCTD15;LSM14A
263349,chr19,34556624,34556624,T,C,intergenic,KCTD15;LSM14A
263350,chr19,34564728,34564728,T,C,intergenic,KCTD15;LSM14A
263351,chr19,34573574,34573574,T,C,intergenic,KCTD15;LSM14A
263352,chr19,34586857,34586857,C,T,intergenic,KCTD15;LSM14A
263353,chr19,34591660,34591660,G,A,intergenic,KCTD15;LSM14A
263354,chr19,34591755,34591755,C,T,intergenic,KCTD15;LSM14A
263355,chr19,34599808,34599808,G,T,intergenic,KCTD15;LSM14A
263356,chr19,34600936,34600936,T,C,intergenic,KCTD15;LSM14A
263357,chr19,34603466,34603466,G,A,intergenic,KCTD15;LSM14A
263358,chr19,34608654,34608654,C,T,intergenic,KCTD15;LSM14A
263359,chr19,34609682,34609682,A,G,intergenic,KCTD15;LSM14A
263360,chr19,34610088,34610088,A,G,intergenic,KCTD15;LSM14A
263361,chr19,34613276,34613276,A,C,intergenic,KCTD15;LSM14A
263362,chr19,34615083,34615083,G,A,intergenic,KCTD15;LSM14A
263363,chr19,34626932,34626932,C,T,intergenic,KCTD15;LSM14A
263364,chr19,34643774,34643774,T,C,intergenic,KCTD15;LSM14A
263365,chr19,34653561,34653561,G,T,intergenic,KCTD15;LSM14A
263366,chr19,34656406,34656406,C,T,intergenic,KCTD15;LSM14A
263367,chr19,34658999,34658999,C,T,intergenic,KCTD15;LSM14A
263715,chr19,36930521,36930521,T,C,intergenic,LOC644189;ZNF566
263716,chr19,36939572,36939572,C,T,UTR3,ZNF566
263717,chr19,36940760,36940760,G,T,exonic,ZNF566
263718,chr19,36940965,36940965,A,G,intronic,ZNF566
263719,chr19,36950171,36950171,T,C,intronic,ZNF566
263720,chr19,36956110,36956110,C,T,intronic,ZNF566
263721,chr19,36963637,36963637,C,T,intronic,ZNF566
263722,chr19,36964376,36964376,C,T,intronic,ZNF566
263723,chr19,36964781,36964781,A,G,intronic,ZNF566
263724,chr19,36965076,36965076,G,T,intronic,ZNF566
263725,chr19,36967838,36967838,C,T,intronic,ZNF566
263726,chr19,36978184,36978184,C,T,intronic,ZNF566
409405,chr4,38864769,38864769,C,T,intergenic,TLR6;FAM114A1
409406,chr4,38867427,38867427,A,G,intergenic,TLR6;FAM114A1
409407,chr4,38868900,38868900,A,G,upstream,FAM114A1;MIR574
409408,chr4,38872213,38872213,C,T,intronic,FAM114A1
409409,chr4,38874802,38874802,A,G,intronic,FAM114A1
409410,chr4,38877682,38877682,G,A,intronic,FAM114A1
409411,chr4,38878194,38878194,T,C,intronic,FAM114A1
409412,chr4,38879949,38879949,G,A,exonic,FAM114A1
409413,chr4,38882029,38882029,C,T,intronic,FAM114A1
409414,chr4,38885256,38885256,G,A,intronic,FAM114A1
409415,chr4,38891173,38891173,C,T,intronic,FAM114A1
409416,chr4,38893843,38893843,G,T,intronic,FAM114A1
409417,chr4,38894380,38894380,A,G,intronic,FAM114A1
409418,chr4,38897254,38897254,G,A,intronic,FAM114A1
409419,chr4,38900133,38900133,A,C,intronic,FAM114A1
409420,chr4,38901769,38901769,A,C,intronic,FAM114A1
409421,chr4,38904581,38904581,T,C,intronic,FAM114A1
409422,chr4,38910730,38910730,A,G,intronic,FAM114A1
409423,chr4,38910791,38910791,C,T,intronic,FAM114A1
409424,chr4,38911205,38911205,A,G,intronic,FAM114A1
409425,chr4,38911315,38911315,A,G,intronic,FAM114A1
409426,chr4,38912484,38912484,A,G,intronic,FAM114A1
409427,chr4,38912621,38912621,G,A,intronic,FAM114A1
409428,chr4,38912816,38912816,C,T,intronic,FAM114A1
409429,chr4,38912998,38912998,A,G,intronic,FAM114A1
409430,chr4,38916914,38916914,T,G,intronic,FAM114A1
409431,chr4,38924021,38924021,A,G,intronic,FAM114A1
409432,chr4,38924275,38924275,C,T,intronic,FAM114A1
409433,chr4,38924330,38924330,G,A,intronic,FAM114A1
409434,chr4,38924358,38924358,A,G,intronic,FAM114A1
409435,chr4,38925329,38925329,T,G,intronic,FAM114A1
409436,chr4,38926860,38926860,C,T,intronic,FAM114A1
409437,chr4,38927230,38927230,A,G,intronic,FAM114A1
409438,chr4,38927396,38927396,T,C,intronic,FAM114A1
409439,chr4,38930433,38930433,G,A,intronic,FAM114A1
409440,chr4,38931097,38931097,A,C,intronic,FAM114A1
409441,chr4,38932165,38932165,C,A,intronic,FAM114A1
409442,chr4,38932922,38932922,C,A,intronic,FAM114A1
409443,chr4,38933690,38933690,A,C,intronic,FAM114A1
409444,chr4,38933859,38933859,G,A,exonic,FAM114A1
409445,chr4,38937055,38937055,A,G,intronic,FAM114A1
409446,chr4,38940630,38940630,A,G,UTR3,FAM114A1
409447,chr4,38945169,38945169,A,G,exonic,FAM114A1
409448,chr4,38946448,38946448,C,T,UTR3,FAM114A1
409449,chr4,38947014,38947014,G,A,UTR3,FAM114A1
409450,chr4,38952030,38952030,G,A,intergenic,FAM114A1;TMEM156
409451,chr4,38957122,38957122,A,G,intergenic,FAM114A1;TMEM156
409452,chr4,38960263,38960263,T,C,intergenic,FAM114A1;TMEM156
409453,chr4,38960412,38960412,A,C,intergenic,FAM114A1;TMEM156
409454,chr4,38966472,38966472,G,A,intergenic,FAM114A1;TMEM156
424396,chr4,114698696,114698696,A,G,intergenic,CAMK2D;ARSJ
424397,chr4,114702819,114702819,G,A,intergenic,CAMK2D;ARSJ
424398,chr4,114703071,114703071,A,G,intergenic,CAMK2D;ARSJ
424399,chr4,114703773,114703773,A,G,intergenic,CAMK2D;ARSJ
424400,chr4,114703967,114703967,G,A,intergenic,CAMK2D;ARSJ
424401,chr4,114710145,114710145,A,G,intergenic,CAMK2D;ARSJ
424402,chr4,114710294,114710294,A,G,intergenic,CAMK2D;ARSJ
424403,chr4,114712185,114712185,G,T,intergenic,CAMK2D;ARSJ
424404,chr4,114720032,114720032,C,T,intergenic,CAMK2D;ARSJ
424405,chr4,114720981,114720981,G,T,intergenic,CAMK2D;ARSJ
424406,chr4,114731788,114731788,A,G,intergenic,CAMK2D;ARSJ
424407,chr4,114732529,114732529,A,G,intergenic,CAMK2D;ARSJ
424408,chr4,114736267,114736267,C,T,intergenic,CAMK2D;ARSJ
424409,chr4,114737156,114737156,G,A,intergenic,CAMK2D;ARSJ
424410,chr4,114741276,114741276,G,A,intergenic,CAMK2D;ARSJ
424411,chr4,114741755,114741755,C,A,intergenic,CAMK2D;ARSJ
424412,chr4,114742249,114742249,A,G,intergenic,CAMK2D;ARSJ
424413,chr4,114742637,114742637,T,C,intergenic,CAMK2D;ARSJ
424414,chr4,114748150,114748150,T,C,intergenic,CAMK2D;ARSJ
424415,chr4,114751650,114751650,G,A,intergenic,CAMK2D;ARSJ
424416,chr4,114752809,114752809,C,T,intergenic,CAMK2D;ARSJ
424417,chr4,114753435,114753435,A,G,intergenic,CAMK2D;ARSJ
424418,chr4,114754302,114754302,G,T,intergenic,CAMK2D;ARSJ
424419,chr4,114754586,114754586,G,A,intergenic,CAMK2D;ARSJ
424420,chr4,114755524,114755524,G,A,intergenic,CAMK2D;ARSJ
424421,chr4,114758942,114758942,G,A,intergenic,CAMK2D;ARSJ
424422,chr4,114759474,114759474,G,A,intergenic,CAMK2D;ARSJ
424423,chr4,114761498,114761498,A,G,intergenic,CAMK2D;ARSJ
424424,chr4,114762343,114762343,A,G,intergenic,CAMK2D;ARSJ
424425,chr4,114762920,114762920,A,C,intergenic,CAMK2D;ARSJ
424426,chr4,114766992,114766992,G,A,intergenic,CAMK2D;ARSJ
424427,chr4,114768317,114768317,A,G,intergenic,CAMK2D;ARSJ
424428,chr4,114771175,114771175,T,C,intergenic,CAMK2D;ARSJ
424429,chr4,114772555,114772555,C,T,intergenic,CAMK2D;ARSJ
424430,chr4,114773178,114773178,G,T,intergenic,CAMK2D;ARSJ
424431,chr4,114786698,114786698,C,T,intergenic,CAMK2D;ARSJ
424432,chr4,114788069,114788069,A,G,intergenic,CAMK2D;ARSJ
424433,chr4,114792093,114792093,A,C,intergenic,CAMK2D;ARSJ
424434,chr4,114797011,114797011,A,C,intergenic,CAMK2D;ARSJ
424435,chr4,114800468,114800468,T,G,intergenic,CAMK2D;ARSJ
424436,chr4,114803632,114803632,C,T,intergenic,CAMK2D;ARSJ
424437,chr4,114804068,114804068,G,A,intergenic,CAMK2D;ARSJ
424438,chr4,114818999,114818999,G,A,intergenic,CAMK2D;ARSJ
424439,chr4,114822485,114822485,G,A,UTR3,ARSJ
424440,chr4,114822579,114822579,G,A,UTR3,ARSJ
424441,chr4,114822605,114822605,A,C,UTR3,ARSJ
424442,chr4,114823191,114823191,A,G,UTR3,ARSJ
424443,chr4,114830298,114830298,A,G,intronic,ARSJ
424444,chr4,114830955,114830955,C,T,intronic,ARSJ
424445,chr4,114830987,114830987,C,T,intronic,ARSJ
424446,chr4,114832127,114832127,C,T,intronic,ARSJ
424447,chr4,114833153,114833153,G,T,intronic,ARSJ
424448,chr4,114833617,114833617,G,A,intronic,ARSJ
424449,chr4,114837769,114837769,G,A,intronic,ARSJ
424450,chr4,114838274,114838274,T,C,intronic,ARSJ
424451,chr4,114838365,114838365,T,C,intronic,ARSJ
424452,chr4,114839270,114839270,T,C,intronic,ARSJ
424453,chr4,114840202,114840202,C,T,intronic,ARSJ
424454,chr4,114840439,114840439,C,T,intronic,ARSJ
424455,chr4,114840479,114840479,G,A,intronic,ARSJ
424456,chr4,114842742,114842742,T,C,intronic,ARSJ
424457,chr4,114852705,114852705,A,G,intronic,ARSJ
424458,chr4,114855972,114855972,G,T,intronic,ARSJ
424459,chr4,114856175,114856175,C,T,intronic,ARSJ
424460,chr4,114856627,114856627,C,T,intronic,ARSJ
424461,chr4,114862094,114862094,C,T,intronic,ARSJ
424462,chr4,114862320,114862320,C,T,intronic,ARSJ
424463,chr4,114863152,114863152,C,T,intronic,ARSJ
424464,chr4,114863265,114863265,T,C,intronic,ARSJ
424465,chr4,114863406,114863406,T,G,intronic,ARSJ
424466,chr4,114863706,114863706,T,C,intronic,ARSJ
424467,chr4,114865091,114865091,T,C,intronic,ARSJ
424468,chr4,114885155,114885155,T,C,intronic,ARSJ
424469,chr4,114885883,114885883,T,C,intronic,ARSJ
424470,chr4,114896904,114896904,G,A,intronic,ARSJ
424471,chr4,114898691,114898691,A,C,intronic,ARSJ
424472,chr4,114900957,114900957,T,C,upstream,ARSJ
424473,chr4,114912239,114912239,A,G,intergenic,ARSJ;UGT8
424474,chr4,114914110,114914110,A,G,intergenic,ARSJ;UGT8
424475,chr4,114922287,114922287,A,G,intergenic,ARSJ;UGT8
424476,chr4,114923620,114923620,T,C,intergenic,ARSJ;UGT8
424477,chr4,114924372,114924372,A,G,intergenic,ARSJ;UGT8
424478,chr4,114938478,114938478,G,A,intergenic,ARSJ;UGT8
424479,chr4,114942909,114942909,A,C,intergenic,ARSJ;UGT8
424480,chr4,114943733,114943733,T,C,intergenic,ARSJ;UGT8
424481,chr4,114946868,114946868,G,A,intergenic,ARSJ;UGT8
424482,chr4,114950644,114950644,G,A,intergenic,ARSJ;UGT8
424483,chr4,114951602,114951602,C,T,intergenic,ARSJ;UGT8
424484,chr4,114957205,114957205,G,A,intergenic,ARSJ;UGT8
424485,chr4,114957773,114957773,A,G,intergenic,ARSJ;UGT8
424486,chr4,114958543,114958543,C,A,intergenic,ARSJ;UGT8
424487,chr4,114959569,114959569,G,A,intergenic,ARSJ;UGT8
424488,chr4,114961812,114961812,A,G,intergenic,ARSJ;UGT8
424489,chr4,114964630,114964630,A,G,intergenic,ARSJ;UGT8
424490,chr4,114979227,114979227,T,G,intergenic,ARSJ;UGT8
424491,chr4,114982451,114982451,A,G,intergenic,ARSJ;UGT8
424492,chr4,114985792,114985792,T,C,intergenic,ARSJ;UGT8
424493,chr4,114987538,114987538,A,G,intergenic,ARSJ;UGT8
424494,chr4,114998456,114998456,A,G,intergenic,ARSJ;UGT8
424495,chr4,114998705,114998705,C,T,intergenic,ARSJ;UGT8
424496,chr4,115008491,115008491,A,G,intergenic,ARSJ;UGT8
424497,chr4,115012201,115012201,G,T,intergenic,ARSJ;UGT8
424498,chr4,115014442,115014442,C,T,intergenic,ARSJ;UGT8
424499,chr4,115016497,115016497,C,T,intergenic,ARSJ;UGT8
424500,chr4,115019296,115019296,G,A,intergenic,ARSJ;UGT8
424501,chr4,115023489,115023489,C,A,intergenic,ARSJ;UGT8
424502,chr4,115024654,115024654,T,C,intergenic,ARSJ;UGT8
424503,chr4,115026022,115026022,C,T,intergenic,ARSJ;UGT8
424504,chr4,115041483,115041483,G,A,intergenic,ARSJ;UGT8
424505,chr4,115044037,115044037,C,T,intergenic,ARSJ;UGT8
424506,chr4,115047815,115047815,C,A,intergenic,ARSJ;UGT8
424507,chr4,115053885,115053885,A,C,intergenic,ARSJ;UGT8
424508,chr4,115059118,115059118,A,G,intergenic,ARSJ;UGT8
424509,chr4,115075724,115075724,A,G,intergenic,ARSJ;UGT8
424510,chr4,115078294,115078294,T,C,intergenic,ARSJ;UGT8
424511,chr4,115081354,115081354,C,T,intergenic,ARSJ;UGT8
424512,chr4,115081379,115081379,G,A,intergenic,ARSJ;UGT8
424513,chr4,115081694,115081694,T,C,intergenic,ARSJ;UGT8
424514,chr4,115082623,115082623,G,A,intergenic,ARSJ;UGT8
424515,chr4,115085403,115085403,C,T,intergenic,ARSJ;UGT8
424516,chr4,115086762,115086762,T,C,intergenic,ARSJ;UGT8
424517,chr4,115095176,115095176,G,A,intergenic,ARSJ;UGT8
424518,chr4,115101499,115101499,C,T,intergenic,ARSJ;UGT8
424519,chr4,115109365,115109365,T,C,intergenic,ARSJ;UGT8
424520,chr4,115109476,115109476,G,A,intergenic,ARSJ;UGT8
424521,chr4,115110655,115110655,G,T,intergenic,ARSJ;UGT8
424522,chr4,115112094,115112094,C,T,intergenic,ARSJ;UGT8
424523,chr4,115124089,115124089,A,G,intergenic,ARSJ;UGT8
424524,chr4,115132188,115132188,G,A,intergenic,ARSJ;UGT8
424525,chr4,115137619,115137619,A,G,intergenic,ARSJ;UGT8
424526,chr4,115146328,115146328,T,C,intergenic,ARSJ;UGT8
424527,chr4,115151872,115151872,A,G,intergenic,ARSJ;UGT8
424528,chr4,115155945,115155945,C,T,intergenic,ARSJ;UGT8
424529,chr4,115170590,115170590,C,A,intergenic,ARSJ;UGT8
424530,chr4,115171250,115171250,G,A,intergenic,ARSJ;UGT8
424531,chr4,115171465,115171465,A,G,intergenic,ARSJ;UGT8
424532,chr4,115171607,115171607,G,T,intergenic,ARSJ;UGT8
424533,chr4,115172667,115172667,C,T,intergenic,ARSJ;UGT8
424534,chr4,115188501,115188501,T,C,intergenic,ARSJ;UGT8
424535,chr4,115189821,115189821,G,A,intergenic,ARSJ;UGT8
424536,chr4,115190018,115190018,C,T,intergenic,ARSJ;UGT8
424537,chr4,115191109,115191109,G,A,intergenic,ARSJ;UGT8
424538,chr4,115192659,115192659,A,G,intergenic,ARSJ;UGT8
424539,chr4,115193358,115193358,G,A,intergenic,ARSJ;UGT8
424540,chr4,115223182,115223182,A,C,intergenic,ARSJ;UGT8
424541,chr4,115223284,115223284,C,A,intergenic,ARSJ;UGT8
424542,chr4,115224938,115224938,A,G,intergenic,ARSJ;UGT8
424543,chr4,115227215,115227215,G,T,intergenic,ARSJ;UGT8
424544,chr4,115237349,115237349,C,A,intergenic,ARSJ;UGT8
424545,chr4,115239529,115239529,A,G,intergenic,ARSJ;UGT8
424546,chr4,115241544,115241544,G,A,intergenic,ARSJ;UGT8
424547,chr4,115243741,115243741,G,T,intergenic,ARSJ;UGT8
424548,chr4,115243896,115243896,T,C,intergenic,ARSJ;UGT8
424549,chr4,115250531,115250531,T,G,intergenic,ARSJ;UGT8
424550,chr4,115251342,115251342,G,A,intergenic,ARSJ;UGT8
424551,chr4,115251586,115251586,G,A,intergenic,ARSJ;UGT8
424552,chr4,115316082,115316082,C,T,intergenic,ARSJ;UGT8
424553,chr4,115318983,115318983,A,G,intergenic,ARSJ;UGT8
424554,chr4,115329332,115329332,G,A,intergenic,ARSJ;UGT8
424555,chr4,115330597,115330597,A,G,intergenic,ARSJ;UGT8
424556,chr4,115334619,115334619,A,G,intergenic,ARSJ;UGT8
424557,chr4,115334709,115334709,A,G,intergenic,ARSJ;UGT8
424558,chr4,115377305,115377305,T,C,intergenic,ARSJ;UGT8
424559,chr4,115379817,115379817,C,T,intergenic,ARSJ;UGT8
424560,chr4,115380868,115380868,G,T,intergenic,ARSJ;UGT8
424561,chr4,115384090,115384090,A,G,intergenic,ARSJ;UGT8
424562,chr4,115384107,115384107,C,T,intergenic,ARSJ;UGT8
424563,chr4,115385540,115385540,T,C,intergenic,ARSJ;UGT8
424564,chr4,115388927,115388927,A,C,intergenic,ARSJ;UGT8
424565,chr4,115401948,115401948,G,A,intergenic,ARSJ;UGT8
424566,chr4,115402778,115402778,C,T,intergenic,ARSJ;UGT8
424567,chr4,115404276,115404276,G,A,intergenic,ARSJ;UGT8
424568,chr4,115405345,115405345,C,A,intergenic,ARSJ;UGT8
424569,chr4,115407050,115407050,C,T,intergenic,ARSJ;UGT8
424570,chr4,115408892,115408892,C,A,intergenic,ARSJ;UGT8
424571,chr4,115412047,115412047,G,A,intergenic,ARSJ;UGT8
424572,chr4,115413527,115413527,T,C,intergenic,ARSJ;UGT8
424573,chr4,115413613,115413613,A,G,intergenic,ARSJ;UGT8
424574,chr4,115413803,115413803,A,G,intergenic,ARSJ;UGT8
424575,chr4,115415910,115415910,A,G,intergenic,ARSJ;UGT8
424576,chr4,115423197,115423197,A,G,intergenic,ARSJ;UGT8
424577,chr4,115429539,115429539,T,C,intergenic,ARSJ;UGT8
424578,chr4,115431677,115431677,A,C,intergenic,ARSJ;UGT8
424579,chr4,115434478,115434478,G,A,intergenic,ARSJ;UGT8
424580,chr4,115452456,115452456,G,A,intergenic,ARSJ;UGT8
424581,chr4,115458115,115458115,T,C,intergenic,ARSJ;UGT8
424582,chr4,115458168,115458168,C,T,intergenic,ARSJ;UGT8
424583,chr4,115462264,115462264,T,C,intergenic,ARSJ;UGT8
424584,chr4,115463103,115463103,A,G,intergenic,ARSJ;UGT8
424585,chr4,115467459,115467459,A,G,intergenic,ARSJ;UGT8
424586,chr4,115473674,115473674,A,G,intergenic,ARSJ;UGT8
424587,chr4,115481754,115481754,G,T,intergenic,ARSJ;UGT8
424588,chr4,115489401,115489401,G,A,intergenic,ARSJ;UGT8
424589,chr4,115490751,115490751,C,A,intergenic,ARSJ;UGT8
424590,chr4,115497587,115497587,C,A,intergenic,ARSJ;UGT8
424591,chr4,115497660,115497660,G,A,intergenic,ARSJ;UGT8
424592,chr4,115499674,115499674,C,T,intergenic,ARSJ;UGT8
424593,chr4,115503877,115503877,A,C,intergenic,ARSJ;UGT8
424594,chr4,115503962,115503962,A,C,intergenic,ARSJ;UGT8
424595,chr4,115514055,115514055,A,G,intergenic,ARSJ;UGT8
468090,chr5,122532869,122532869,G,A,intergenic,PRDM6;CEP120
468091,chr5,122535532,122535532,G,A,intergenic,PRDM6;CEP120
468092,chr5,122546333,122546333,T,C,intergenic,PRDM6;CEP120
468093,chr5,122546510,122546510,G,A,intergenic,PRDM6;CEP120
468094,chr5,122550646,122550646,T,C,intergenic,PRDM6;CEP120
468095,chr5,122551276,122551276,C,A,intergenic,PRDM6;CEP120
468096,chr5,122552158,122552158,C,T,intergenic,PRDM6;CEP120
468097,chr5,122553980,122553980,C,T,intergenic,PRDM6;CEP120
468098,chr5,122554634,122554634,G,A,intergenic,PRDM6;CEP120
468099,chr5,122555501,122555501,G,A,intergenic,PRDM6;CEP120
468100,chr5,122558368,122558368,T,C,intergenic,PRDM6;CEP120
468101,chr5,122559002,122559002,C,T,intergenic,PRDM6;CEP120
468102,chr5,122559120,122559120,T,G,intergenic,PRDM6;CEP120
468103,chr5,122562800,122562800,C,T,intergenic,PRDM6;CEP120
468104,chr5,122563148,122563148,G,T,intergenic,PRDM6;CEP120
468105,chr5,122564631,122564631,A,G,intergenic,PRDM6;CEP120
468106,chr5,122569269,122569269,T,C,intergenic,PRDM6;CEP120
468107,chr5,122569516,122569516,T,C,intergenic,PRDM6;CEP120
468108,chr5,122570650,122570650,C,T,intergenic,PRDM6;CEP120
468109,chr5,122571493,122571493,G,A,intergenic,PRDM6;CEP120
468110,chr5,122572116,122572116,T,C,intergenic,PRDM6;CEP120
468111,chr5,122580617,122580617,G,A,intergenic,PRDM6;CEP120
468112,chr5,122581941,122581941,A,G,intergenic,PRDM6;CEP120
468113,chr5,122582975,122582975,G,A,intergenic,PRDM6;CEP120
468114,chr5,122585789,122585789,C,T,intergenic,PRDM6;CEP120
468115,chr5,122596593,122596593,G,T,intergenic,PRDM6;CEP120
468116,chr5,122598142,122598142,C,T,intergenic,PRDM6;CEP120
468117,chr5,122601744,122601744,G,A,intergenic,PRDM6;CEP120
468118,chr5,122603160,122603160,G,T,intergenic,PRDM6;CEP120
468119,chr5,122605896,122605896,C,T,intergenic,PRDM6;CEP120
468120,chr5,122607156,122607156,C,A,intergenic,PRDM6;CEP120
468121,chr5,122614010,122614010,G,A,intergenic,PRDM6;CEP120
468122,chr5,122616212,122616212,A,G,intergenic,PRDM6;CEP120
468123,chr5,122657199,122657199,G,A,intergenic,PRDM6;CEP120
468124,chr5,122673060,122673060,G,T,intergenic,PRDM6;CEP120
468125,chr5,122675820,122675820,C,T,intergenic,PRDM6;CEP120
468126,chr5,122676525,122676525,T,G,intergenic,PRDM6;CEP120
468127,chr5,122680189,122680189,G,A,downstream,CEP120
468128,chr5,122680667,122680667,T,G,UTR3,CEP120
468129,chr5,122681834,122681834,C,T,UTR3,CEP120
468130,chr5,122682154,122682154,T,G,UTR3,CEP120
468131,chr5,122682348,122682348,A,G,exonic,CEP120
468132,chr5,122685128,122685128,A,G,intronic,CEP120
468133,chr5,122688727,122688727,C,T,intronic,CEP120
468134,chr5,122696882,122696882,G,T,intronic,CEP120
468135,chr5,122697009,122697009,T,C,intronic,CEP120
468136,chr5,122697431,122697431,C,T,intronic,CEP120
468137,chr5,122698367,122698367,G,A,intronic,CEP120
468138,chr5,122702011,122702011,A,G,intronic,CEP120
468139,chr5,122703026,122703026,C,A,intronic,CEP120
468140,chr5,122705110,122705110,A,G,intronic,CEP120
468141,chr5,122705321,122705321,A,G,intronic,CEP120
468142,chr5,122705737,122705737,C,A,intronic,CEP120
468143,chr5,122711641,122711641,T,C,intronic,CEP120
468144,chr5,122714477,122714477,A,C,intronic,CEP120
468145,chr5,122714972,122714972,A,G,intronic,CEP120
468146,chr5,122723264,122723264,G,T,intronic,CEP120
468147,chr5,122724446,122724446,A,G,intronic,CEP120
468148,chr5,122727026,122727026,G,A,exonic,CEP120
468149,chr5,122732236,122732236,T,C,intronic,CEP120
468150,chr5,122733317,122733317,G,A,intronic,CEP120
468151,chr5,122733703,122733703,T,C,intronic,CEP120
468152,chr5,122742602,122742602,T,G,intronic,CEP120
468153,chr5,122743242,122743242,C,T,intronic,CEP120
468154,chr5,122744178,122744178,T,C,intronic,CEP120
468155,chr5,122746528,122746528,C,T,intronic,CEP120
468156,chr5,122750847,122750847,T,C,intronic,CEP120
468157,chr5,122759862,122759862,T,C,upstream,CEP120
468158,chr5,122769296,122769296,T,C,intergenic,CEP120;CSNK1G3
468159,chr5,122785953,122785953,G,A,intergenic,CEP120;CSNK1G3
468160,chr5,122789901,122789901,G,A,intergenic,CEP120;CSNK1G3
468161,chr5,122791137,122791137,T,C,intergenic,CEP120;CSNK1G3
468162,chr5,122798261,122798261,T,C,intergenic,CEP120;CSNK1G3
468163,chr5,122801828,122801828,T,G,intergenic,CEP120;CSNK1G3
468164,chr5,122814684,122814684,G,A,intergenic,CEP120;CSNK1G3
468165,chr5,122824678,122824678,A,G,intergenic,CEP120;CSNK1G3
468166,chr5,122835138,122835138,A,G,intergenic,CEP120;CSNK1G3
468167,chr5,122836911,122836911,C,T,intergenic,CEP120;CSNK1G3
468168,chr5,122841131,122841131,G,A,intergenic,CEP120;CSNK1G3
472166,chr5,140044292,140044292,C,A,upstream,WDR55
472167,chr5,140047600,140047600,C,T,intronic,WDR55
472168,chr5,140048544,140048544,C,T,exonic,WDR55
490750,chr6,36307044,36307044,T,C,intergenic,BNIP5;ETV7
490751,chr6,36307170,36307170,T,C,intergenic,BNIP5;ETV7
490752,chr6,36310896,36310896,T,C,intergenic,BNIP5;ETV7
490753,chr6,36312907,36312907,A,G,intergenic,BNIP5;ETV7
490754,chr6,36318575,36318575,T,C,intergenic,BNIP5;ETV7
490755,chr6,36319620,36319620,C,T,intergenic,BNIP5;ETV7
490756,chr6,36319716,36319716,C,T,intergenic,BNIP5;ETV7
490757,chr6,36322975,36322975,G,A,intronic,ETV7
490758,chr6,36323541,36323541,A,G,intronic,ETV7
490759,chr6,36324225,36324225,G,A,intronic,ETV7
490760,chr6,36332927,36332927,G,A,intronic,ETV7
490761,chr6,36336087,36336087,A,G,intronic,ETV7
490762,chr6,36345840,36345840,A,G,intronic,ETV7
490763,chr6,36348689,36348689,T,C,intronic,ETV7
490764,chr6,36348800,36348800,C,T,intronic,ETV7
490765,chr6,36349890,36349890,T,C,intronic,ETV7
572158,chr8,61882751,61882751,C,A,intergenic,LOC100130298;CLVS1
572159,chr8,61885935,61885935,T,C,intergenic,LOC100130298;CLVS1
572160,chr8,61888469,61888469,A,G,intergenic,LOC100130298;CLVS1
572161,chr8,61904948,61904948,T,C,intergenic,LOC100130298;CLVS1
572162,chr8,61909133,61909133,T,C,intergenic,LOC100130298;CLVS1
572163,chr8,61911070,61911070,A,G,intergenic,LOC100130298;CLVS1
572164,chr8,61926772,61926772,T,C,intergenic,LOC100130298;CLVS1
572165,chr8,61926797,61926797,T,C,intergenic,LOC100130298;CLVS1
572166,chr8,61932528,61932528,C,T,intergenic,LOC100130298;CLVS1
572167,chr8,61933710,61933710,A,G,intergenic,LOC100130298;CLVS1
572168,chr8,61949234,61949234,T,C,intergenic,LOC100130298;CLVS1
572169,chr8,61953503,61953503,T,C,intergenic,LOC100130298;CLVS1
572170,chr8,61954970,61954970,C,T,intergenic,LOC100130298;CLVS1
572171,chr8,61958171,61958171,C,T,intergenic,LOC100130298;CLVS1
572172,chr8,61963699,61963699,C,A,intergenic,LOC100130298;CLVS1
572173,chr8,61966420,61966420,C,A,intergenic,LOC100130298;CLVS1
572174,chr8,61967680,61967680,G,A,intergenic,LOC100130298;CLVS1
572175,chr8,61970659,61970659,C,T,intergenic,LOC100130298;CLVS1
572176,chr8,61971140,61971140,T,C,intergenic,LOC100130298;CLVS1
572177,chr8,61975360,61975360,C,T,intergenic,LOC100130298;CLVS1
572178,chr8,61979873,61979873,G,A,intergenic,LOC100130298;CLVS1
572179,chr8,61984699,61984699,C,T,intergenic,LOC100130298;CLVS1
572180,chr8,61987181,61987181,C,T,intergenic,LOC100130298;CLVS1
572181,chr8,61994173,61994173,G,T,intergenic,LOC100130298;CLVS1
572182,chr8,61994545,61994545,T,C,intergenic,LOC100130298;CLVS1
572183,chr8,61994781,61994781,A,G,intergenic,LOC100130298;CLVS1
572184,chr8,61998100,61998100,A,G,intergenic,LOC100130298;CLVS1
572185,chr8,61999326,61999326,C,T,intergenic,LOC100130298;CLVS1
572186,chr8,62002052,62002052,A,G,intergenic,LOC100130298;CLVS1
572187,chr8,62002590,62002590,T,G,intergenic,LOC100130298;CLVS1
572188,chr8,62002751,62002751,G,T,intergenic,LOC100130298;CLVS1
572189,chr8,62011683,62011683,A,G,intergenic,LOC100130298;CLVS1
572190,chr8,62013049,62013049,A,G,intergenic,LOC100130298;CLVS1
572191,chr8,62018467,62018467,T,G,intergenic,LOC100130298;CLVS1
572192,chr8,62018544,62018544,T,C,intergenic,LOC100130298;CLVS1
572193,chr8,62023984,62023984,T,C,intergenic,LOC100130298;CLVS1
572194,chr8,62024167,62024167,T,C,intergenic,LOC100130298;CLVS1
572195,chr8,62025140,62025140,T,C,intergenic,LOC100130298;CLVS1
572196,chr8,62025948,62025948,C,A,intergenic,LOC100130298;CLVS1
572197,chr8,62026529,62026529,T,C,intergenic,LOC100130298;CLVS1
572198,chr8,62036793,62036793,C,T,intergenic,LOC100130298;CLVS1
572199,chr8,62039073,62039073,T,C,intergenic,LOC100130298;CLVS1
572200,chr8,62043233,62043233,A,G,intergenic,LOC100130298;CLVS1
572201,chr8,62043749,62043749,A,C,intergenic,LOC100130298;CLVS1
572202,chr8,62044066,62044066,G,A,intergenic,LOC100130298;CLVS1
572203,chr8,62044143,62044143,C,T,intergenic,LOC100130298;CLVS1
572204,chr8,62045799,62045799,G,A,intergenic,LOC100130298;CLVS1
572205,chr8,62047345,62047345,T,C,intergenic,LOC100130298;CLVS1
572206,chr8,62050609,62050609,A,G,intergenic,LOC100130298;CLVS1
572207,chr8,62050784,62050784,T,G,intergenic,LOC100130298;CLVS1
572208,chr8,62053699,62053699,C,T,intergenic,LOC100130298;CLVS1
572209,chr8,62054618,62054618,C,A,intergenic,LOC100130298;CLVS1
572210,chr8,62055667,62055667,G,T,intergenic,LOC100130298;CLVS1
572211,chr8,62065038,62065038,C,T,intergenic,LOC100130298;CLVS1
572212,chr8,62066169,62066169,G,A,intergenic,LOC100130298;CLVS1
572213,chr8,62066813,62066813,G,A,intergenic,LOC100130298;CLVS1
572214,chr8,62070667,62070667,G,T,intergenic,LOC100130298;CLVS1
572215,chr8,62070711,62070711,G,A,intergenic,LOC100130298;CLVS1
572216,chr8,62073346,62073346,C,T,intergenic,LOC100130298;CLVS1
572217,chr8,62074976,62074976,A,G,intergenic,LOC100130298;CLVS1
572218,chr8,62079356,62079356,T,C,intergenic,LOC100130298;CLVS1
572219,chr8,62096351,62096351,G,A,intergenic,LOC100130298;CLVS1
572220,chr8,62096568,62096568,A,G,intergenic,LOC100130298;CLVS1
572221,chr8,62097259,62097259,T,C,intergenic,LOC100130298;CLVS1
572222,chr8,62099814,62099814,C,A,intergenic,LOC100130298;CLVS1
572223,chr8,62099842,62099842,A,G,intergenic,LOC100130298;CLVS1
572224,chr8,62100008,62100008,T,C,intergenic,LOC100130298;CLVS1
572225,chr8,62106363,62106363,A,G,intergenic,LOC100130298;CLVS1
572226,chr8,62114188,62114188,G,A,intergenic,LOC100130298;CLVS1
572227,chr8,62116305,62116305,G,A,intergenic,LOC100130298;CLVS1
572228,chr8,62116679,62116679,A,G,intergenic,LOC100130298;CLVS1
572229,chr8,62117973,62117973,G,A,intergenic,LOC100130298;CLVS1
572230,chr8,62120560,62120560,G,T,intergenic,LOC100130298;CLVS1
572231,chr8,62139691,62139691,A,G,intergenic,LOC100130298;CLVS1
572232,chr8,62139735,62139735,T,C,intergenic,LOC100130298;CLVS1
572233,chr8,62141341,62141341,C,A,intergenic,LOC100130298;CLVS1
572234,chr8,62144343,62144343,C,T,intergenic,LOC100130298;CLVS1
572235,chr8,62144992,62144992,T,C,intergenic,LOC100130298;CLVS1
572236,chr8,62145104,62145104,G,A,intergenic,LOC100130298;CLVS1
572237,chr8,62147056,62147056,G,A,intergenic,LOC100130298;CLVS1
572238,chr8,62147795,62147795,C,A,intergenic,LOC100130298;CLVS1
572239,chr8,62147828,62147828,A,C,intergenic,LOC100130298;CLVS1
572240,chr8,62148532,62148532,C,A,intergenic,LOC100130298;CLVS1
572241,chr8,62148672,62148672,T,C,intergenic,LOC100130298;CLVS1
572242,chr8,62149783,62149783,T,C,intergenic,LOC100130298;CLVS1
572243,chr8,62150310,62150310,A,C,intergenic,LOC100130298;CLVS1
572244,chr8,62156656,62156656,C,T,intergenic,LOC100130298;CLVS1
572245,chr8,62172668,62172668,C,A,intergenic,LOC100130298;CLVS1
572246,chr8,62173034,62173034,A,G,intergenic,LOC100130298;CLVS1
572247,chr8,62173183,62173183,A,G,intergenic,LOC100130298;CLVS1
572248,chr8,62174949,62174949,T,C,intergenic,LOC100130298;CLVS1
572249,chr8,62180142,62180142,C,T,intergenic,LOC100130298;CLVS1
572250,chr8,62188960,62188960,A,G,intergenic,LOC100130298;CLVS1
572251,chr8,62189775,62189775,G,A,intergenic,LOC100130298;CLVS1
572252,chr8,62193892,62193892,T,C,intergenic,LOC100130298;CLVS1
572253,chr8,62194006,62194006,G,A,intergenic,LOC100130298;CLVS1
572254,chr8,62194900,62194900,C,T,intergenic,LOC100130298;CLVS1
572255,chr8,62195086,62195086,A,G,intergenic,LOC100130298;CLVS1
572256,chr8,62205665,62205665,C,A,intronic,CLVS1
572257,chr8,62207970,62207970,G,A,intronic,CLVS1
572258,chr8,62214493,62214493,T,C,intronic,CLVS1
572259,chr8,62214626,62214626,C,A,intronic,CLVS1
572260,chr8,62216733,62216733,G,A,intronic,CLVS1
572261,chr8,62230513,62230513,C,T,intronic,CLVS1
572262,chr8,62234891,62234891,T,C,intronic,CLVS1
572263,chr8,62240033,62240033,C,A,intronic,CLVS1
572264,chr8,62247037,62247037,T,G,intronic,CLVS1
572265,chr8,62249646,62249646,A,G,intronic,CLVS1
572266,chr8,62253555,62253555,A,G,intronic,CLVS1
572267,chr8,62258977,62258977,C,A,intronic,CLVS1
572268,chr8,62271723,62271723,C,A,intronic,CLVS1
572269,chr8,62278767,62278767,A,G,intronic,CLVS1
572270,chr8,62279368,62279368,G,A,intronic,CLVS1
572271,chr8,62286491,62286491,C,T,intronic,CLVS1
572272,chr8,62289894,62289894,T,C,intronic,CLVS1
572273,chr8,62290055,62290055,C,A,intronic,CLVS1
572274,chr8,62293675,62293675,G,T,intronic,CLVS1
572275,chr8,62294853,62294853,A,G,intronic,CLVS1
572276,chr8,62295210,62295210,C,A,intronic,CLVS1
572277,chr8,62308644,62308644,C,T,intronic,CLVS1
572278,chr8,62316409,62316409,T,C,intronic,CLVS1
572279,chr8,62320124,62320124,G,A,intronic,CLVS1
572280,chr8,62323556,62323556,A,G,intronic,CLVS1
572281,chr8,62325104,62325104,C,T,intronic,CLVS1
572282,chr8,62337601,62337601,T,C,intronic,CLVS1
572283,chr8,62365737,62365737,G,A,intronic,CLVS1
572284,chr8,62366544,62366544,T,C,intronic,CLVS1
572285,chr8,62367182,62367182,G,A,intronic,CLVS1
572286,chr8,62370511,62370511,C,A,intronic,CLVS1
572287,chr8,62371260,62371260,C,T,intronic,CLVS1
572288,chr8,62377604,62377604,A,G,intronic,CLVS1
572289,chr8,62377941,62377941,C,T,intronic,CLVS1
572290,chr8,62380439,62380439,T,C,intronic,CLVS1
572291,chr8,62383748,62383748,G,A,intronic,CLVS1
572292,chr8,62386707,62386707,G,A,intronic,CLVS1
572293,chr8,62399207,62399207,G,A,intronic,CLVS1
572294,chr8,62403794,62403794,C,A,intronic,CLVS1
572295,chr8,62403891,62403891,A,G,intronic,CLVS1
572296,chr8,62404332,62404332,A,G,intronic,CLVS1
572297,chr8,62404556,62404556,T,C,intronic,CLVS1
572298,chr8,62405121,62405121,A,G,intronic,CLVS1
572299,chr8,62405397,62405397,G,A,intronic,CLVS1
572300,chr8,62407918,62407918,C,A,intronic,CLVS1
572301,chr8,62408665,62408665,T,C,intronic,CLVS1
572302,chr8,62409428,62409428,G,T,intronic,CLVS1
