,Chr,Start,End,Ref,Alt,Func.refGene,Gene.refGene
8109,chr1,46656964,46656964,A,G,intronic,POMGNT1
8110,chr1,46657220,46657220,C,T,intronic,POMGNT1
8111,chr1,46657651,46657651,T,C,intronic,POMGNT1
8112,chr1,46658328,46658328,A,G,intronic,POMGNT1
8113,chr1,46658343,46658343,G,A,intronic,POMGNT1
8114,chr1,46659104,46659104,T,C,intronic,POMGNT1
8115,chr1,46660295,46660295,T,C,exonic,POMGNT1
8116,chr1,46671997,46671997,A,G,intronic,LURAP1;POMGNT1
8117,chr1,46677918,46677918,A,G,intronic,LURAP1;POMGNT1
8118,chr1,46680110,46680110,C,A,intronic,LURAP1;POMGNT1
8119,chr1,46684266,46684266,C,T,intronic,LURAP1;POMGNT1
24784,chr1,116521858,116521858,G,A,intronic,SLC22A15
24785,chr1,116524793,116524793,A,G,intronic,SLC22A15
24786,chr1,116525672,116525672,G,A,intronic,SLC22A15
24787,chr1,116527068,116527068,G,A,intronic,SLC22A15
24788,chr1,116528090,116528090,T,C,intronic,SLC22A15
24789,chr1,116538881,116538881,C,T,intronic,SLC22A15
24790,chr1,116552570,116552570,C,T,intronic,SLC22A15
24791,chr1,116553207,116553207,G,T,intronic,SLC22A15
24792,chr1,116559153,116559153,G,A,intronic,SLC22A15
24793,chr1,116574306,116574306,G,A,intronic,SLC22A15
24794,chr1,116584842,116584842,T,C,intronic,SLC22A15
24795,chr1,116602245,116602245,A,G,intronic,SLC22A15
24796,chr1,116602655,116602655,G,A,intronic,SLC22A15
24797,chr1,116609833,116609833,G,A,UTR3,SLC22A15
24798,chr1,116610227,116610227,G,A,UTR3,SLC22A15
24799,chr1,116645757,116645757,C,A,intergenic,SLC22A15;MAB21L3
178596,chr14,64230089,64230089,T,C,intergenic,SGPP1;SYNE2
178597,chr14,64263364,64263364,G,A,intergenic,SGPP1;SYNE2
178598,chr14,64266899,64266899,G,A,intergenic,SGPP1;SYNE2
178599,chr14,64275785,64275785,A,G,intergenic,SGPP1;SYNE2
178600,chr14,64276094,64276094,G,T,intergenic,SGPP1;SYNE2
178601,chr14,64279527,64279527,T,C,intergenic,SGPP1;SYNE2
178602,chr14,64300036,64300036,C,T,intergenic,SGPP1;SYNE2
178603,chr14,64307847,64307847,G,T,intergenic,SGPP1;SYNE2
178604,chr14,64315320,64315320,G,T,intergenic,SGPP1;SYNE2
203684,chr15,85353603,85353603,A,G,intergenic,ZNF592;ALPK3
203685,chr15,85355494,85355494,C,T,intergenic,ZNF592;ALPK3
203686,chr15,85361042,85361042,T,G,intronic,ALPK3
203687,chr15,85361977,85361977,G,T,intronic,ALPK3
203688,chr15,85371944,85371944,G,T,intronic,ALPK3
203689,chr15,85379278,85379278,T,C,intronic,ALPK3
203690,chr15,85379496,85379496,T,C,intronic,ALPK3
203691,chr15,85387740,85387740,C,T,intronic,ALPK3
203692,chr15,85389631,85389631,G,A,intronic,ALPK3
203693,chr15,85401259,85401259,C,T,exonic,ALPK3
203694,chr15,85402431,85402431,G,A,intronic,ALPK3
203695,chr15,85403818,85403818,G,A,intronic,ALPK3
203696,chr15,85404969,85404969,A,G,intronic,ALPK3
203697,chr15,85405369,85405369,A,G,intronic,ALPK3
203698,chr15,85407564,85407564,A,C,intronic,ALPK3
203699,chr15,85409722,85409722,C,T,intronic,ALPK3
203700,chr15,85411941,85411941,A,G,UTR3,ALPK3
203701,chr15,85413831,85413831,C,T,UTR3,ALPK3
203702,chr15,85414219,85414219,A,G,UTR3,ALPK3
203703,chr15,85415044,85415044,A,C,UTR3,ALPK3
203704,chr15,85415371,85415371,G,A,UTR3,ALPK3
203705,chr15,85415386,85415386,T,C,UTR3,ALPK3
203706,chr15,85415720,85415720,T,C,UTR3,ALPK3
203707,chr15,85415745,85415745,T,G,UTR3,ALPK3
203708,chr15,85415799,85415799,C,T,UTR3,ALPK3
203709,chr15,85420363,85420363,G,A,intergenic,ALPK3;SLC28A1
203710,chr15,85425097,85425097,G,T,intergenic,ALPK3;SLC28A1
203711,chr15,85425468,85425468,T,C,intergenic,ALPK3;SLC28A1
203712,chr15,85429356,85429356,T,G,intronic,SLC28A1
203713,chr15,85430838,85430838,G,T,intronic,SLC28A1
203714,chr15,85430969,85430969,C,T,intronic,SLC28A1
203715,chr15,85447079,85447079,G,A,intronic,SLC28A1
203716,chr15,85447635,85447635,A,C,intronic,SLC28A1
203717,chr15,85447805,85447805,C,T,intronic,SLC28A1
203718,chr15,85448875,85448875,C,A,exonic,SLC28A1
203719,chr15,85462316,85462316,C,T,intronic,SLC28A1
203720,chr15,85470292,85470292,G,T,intronic,SLC28A1
203721,chr15,85471577,85471577,T,G,intronic,SLC28A1
203722,chr15,85476441,85476441,G,A,exonic,SLC28A1
203723,chr15,85478038,85478038,T,C,intronic,SLC28A1
203724,chr15,85478153,85478153,G,T,intronic,SLC28A1
203725,chr15,85478729,85478729,G,A,exonic,SLC28A1
203726,chr15,85479154,85479154,C,T,intronic,SLC28A1
203727,chr15,85479971,85479971,A,G,intronic,SLC28A1
203728,chr15,85480321,85480321,T,C,intronic,SLC28A1
203729,chr15,85480352,85480352,T,C,intronic,SLC28A1
203730,chr15,85480486,85480486,T,C,intronic,SLC28A1
203731,chr15,85480702,85480702,C,T,intronic,SLC28A1
203732,chr15,85483923,85483923,G,T,intronic,SLC28A1
203733,chr15,85484002,85484002,C,T,intronic,SLC28A1
203734,chr15,85485215,85485215,C,T,intronic,SLC28A1
203735,chr15,85491107,85491107,A,G,intronic,SLC28A1
203736,chr15,85491312,85491312,A,G,intronic,SLC28A1
203737,chr15,85493132,85493132,T,C,intronic,SLC28A1
203738,chr15,85493363,85493363,C,T,intronic,SLC28A1
203739,chr15,85494203,85494203,A,G,intronic,SLC28A1
203740,chr15,85513561,85513561,T,C,intronic,SLC28A1
213207,chr16,23757397,23757397,A,G,intergenic,ERN2;CHP2
213208,chr16,23768710,23768710,C,T,intronic,CHP2
213209,chr16,23768727,23768727,C,T,intronic,CHP2
213210,chr16,23774064,23774064,A,G,intergenic,CHP2;PRKCB
213211,chr16,23776097,23776097,C,T,intergenic,CHP2;PRKCB
213212,chr16,23782739,23782739,C,T,intergenic,CHP2;PRKCB
213213,chr16,23783001,23783001,G,A,intergenic,CHP2;PRKCB
213214,chr16,23785404,23785404,G,A,intergenic,CHP2;PRKCB
213215,chr16,23792157,23792157,A,G,intergenic,CHP2;PRKCB
213216,chr16,23795923,23795923,A,C,intergenic,CHP2;PRKCB
213217,chr16,23797412,23797412,A,C,intergenic,CHP2;PRKCB
213218,chr16,23803884,23803884,T,C,intergenic,CHP2;PRKCB
213219,chr16,23804956,23804956,G,A,intergenic,CHP2;PRKCB
213220,chr16,23809240,23809240,T,C,intergenic,CHP2;PRKCB
213221,chr16,23810368,23810368,A,G,intergenic,CHP2;PRKCB
213222,chr16,23815150,23815150,C,T,intergenic,CHP2;PRKCB
213223,chr16,23818502,23818502,T,C,intergenic,CHP2;PRKCB
213224,chr16,23820423,23820423,G,T,intergenic,CHP2;PRKCB
213225,chr16,23824885,23824885,A,G,intergenic,CHP2;PRKCB
213226,chr16,23833071,23833071,C,A,intergenic,CHP2;PRKCB
213227,chr16,23843511,23843511,A,G,intergenic,CHP2;PRKCB
217227,chr16,58057627,58057627,A,G,intergenic,USB1;MMP15
217228,chr16,58063513,58063513,G,T,intronic,MMP15
217229,chr16,58065624,58065624,G,A,intronic,MMP15
217230,chr16,58074210,58074210,A,G,intronic,MMP15
217231,chr16,58080910,58080910,C,T,downstream,MMP15
217232,chr16,58081794,58081794,C,T,downstream,MMP15
217233,chr16,58085882,58085882,G,A,intergenic,MMP15;CFAP20
217234,chr16,58097357,58097357,A,G,intergenic,MMP15;CFAP20
217235,chr16,58100208,58100208,G,A,intergenic,MMP15;CFAP20
217236,chr16,58104664,58104664,C,T,intergenic,MMP15;CFAP20
217237,chr16,58110249,58110249,G,A,intergenic,MMP15;CFAP20
217238,chr16,58111433,58111433,A,G,intergenic,MMP15;CFAP20
217239,chr16,58114140,58114140,A,C,intergenic,MMP15;CFAP20
217240,chr16,58115236,58115236,G,A,intergenic,MMP15;CFAP20
217241,chr16,58143253,58143253,A,G,intergenic,MMP15;CFAP20
217242,chr16,58143392,58143392,G,A,intergenic,MMP15;CFAP20
217243,chr16,58145585,58145585,G,A,intergenic,MMP15;CFAP20
220546,chr16,75505046,75505046,C,T,downstream,CHST6
220547,chr16,75506593,75506593,G,A,UTR3,CHST6
220548,chr16,75548080,75548080,G,T,intergenic,CHST6;CHST5
220549,chr16,75549885,75549885,A,C,intergenic,CHST6;CHST5
220550,chr16,75560416,75560416,A,C,intergenic,CHST6;CHST5
230304,chr17,29623288,29623288,C,T,exonic,OMG
232311,chr17,39407981,39407981,T,G,intronic,KRTAP9-9
232312,chr17,39409070,39409070,T,C,intronic,KRTAP9-9
262472,chr19,30172284,30172284,A,C,intergenic,PLEKHF1;C19orf12
262473,chr19,30192475,30192475,G,A,UTR3,C19orf12
262474,chr19,30198465,30198465,A,G,intronic,C19orf12
262475,chr19,30203872,30203872,C,T,intronic,C19orf12
262476,chr19,30205448,30205448,C,T,intronic,C19orf12
262477,chr19,30207097,30207097,T,G,upstream,C19orf12
262478,chr19,30216083,30216083,A,G,intergenic,C19orf12;CCNE1
262479,chr19,30217499,30217499,G,T,intergenic,C19orf12;CCNE1
262480,chr19,30222341,30222341,T,G,intergenic,C19orf12;CCNE1
262481,chr19,30222580,30222580,T,C,intergenic,C19orf12;CCNE1
262482,chr19,30223946,30223946,T,C,intergenic,C19orf12;CCNE1
262483,chr19,30224464,30224464,G,A,intergenic,C19orf12;CCNE1
262484,chr19,30230249,30230249,A,G,intergenic,C19orf12;CCNE1
262485,chr19,30231754,30231754,T,C,intergenic,C19orf12;CCNE1
262486,chr19,30232338,30232338,C,T,intergenic,C19orf12;CCNE1
262487,chr19,30240895,30240895,T,C,intergenic,C19orf12;CCNE1
262488,chr19,30241422,30241422,A,G,intergenic,C19orf12;CCNE1
262489,chr19,30241540,30241540,G,T,intergenic,C19orf12;CCNE1
262490,chr19,30245582,30245582,A,C,intergenic,C19orf12;CCNE1
262491,chr19,30249203,30249203,G,A,intergenic,C19orf12;CCNE1
262492,chr19,30253998,30253998,C,T,intergenic,C19orf12;CCNE1
262493,chr19,30256478,30256478,A,G,intergenic,C19orf12;CCNE1
262494,chr19,30265235,30265235,G,A,intergenic,C19orf12;CCNE1
262495,chr19,30266602,30266602,G,A,intergenic,C19orf12;CCNE1
262496,chr19,30276911,30276911,G,A,intergenic,C19orf12;CCNE1
266164,chr19,56288941,56288941,C,T,intergenic,RFPL4AL1;NLRP11
266165,chr19,56293414,56293414,C,A,intergenic,RFPL4AL1;NLRP11
266166,chr19,56293701,56293701,G,A,intergenic,RFPL4AL1;NLRP11
266167,chr19,56296239,56296239,T,C,downstream,NLRP11
266168,chr19,56302961,56302961,C,A,intronic,NLRP11
266169,chr19,56303291,56303291,C,T,intronic,NLRP11
266170,chr19,56306402,56306402,A,G,intronic,NLRP11
266171,chr19,56307583,56307583,A,G,exonic,NLRP11
266172,chr19,56313528,56313528,G,A,intronic,NLRP11
266173,chr19,56319525,56319525,A,G,intronic,NLRP11
266174,chr19,56319796,56319796,T,G,intronic,NLRP11
266175,chr19,56320663,56320663,G,A,exonic,NLRP11
266176,chr19,56323209,56323209,T,C,intronic,NLRP11
266177,chr19,56324859,56324859,G,A,intronic,NLRP11
266178,chr19,56325190,56325190,A,G,intronic,NLRP11
266179,chr19,56326167,56326167,C,T,intronic,NLRP11
266180,chr19,56326306,56326306,T,C,intronic,NLRP11
266181,chr19,56328113,56328113,C,A,intronic,NLRP11
266182,chr19,56329747,56329747,G,T,intronic,NLRP11
266183,chr19,56329928,56329928,A,C,intronic,NLRP11
266184,chr19,56331249,56331249,T,C,intronic,NLRP11
266185,chr19,56331935,56331935,A,G,intronic,NLRP11
266186,chr19,56332677,56332677,T,C,intronic,NLRP11
266187,chr19,56340369,56340369,C,T,intronic,NLRP11
266188,chr19,56341574,56341574,G,A,intronic,NLRP11
305108,chr2,162407930,162407930,A,G,intergenic,AHCTF1P1;SLC4A10
305109,chr2,162411997,162411997,C,T,intergenic,AHCTF1P1;SLC4A10
305110,chr2,162425878,162425878,G,A,intergenic,AHCTF1P1;SLC4A10
305111,chr2,162433413,162433413,G,T,intergenic,AHCTF1P1;SLC4A10
305112,chr2,162448855,162448855,C,T,intergenic,AHCTF1P1;SLC4A10
305113,chr2,162458401,162458401,G,A,intergenic,AHCTF1P1;SLC4A10
305114,chr2,162462209,162462209,T,C,intergenic,AHCTF1P1;SLC4A10
305115,chr2,162468888,162468888,T,G,intergenic,AHCTF1P1;SLC4A10
305116,chr2,162475601,162475601,T,C,intergenic,AHCTF1P1;SLC4A10
305117,chr2,162475617,162475617,G,T,intergenic,AHCTF1P1;SLC4A10
305118,chr2,162480684,162480684,C,T,upstream,SLC4A10
305119,chr2,162485073,162485073,A,G,intronic,SLC4A10
305120,chr2,162489191,162489191,A,G,intronic,SLC4A10
305121,chr2,162489534,162489534,A,G,intronic,SLC4A10
305122,chr2,162503743,162503743,C,T,intronic,SLC4A10
305123,chr2,162521046,162521046,C,A,intronic,SLC4A10
305124,chr2,162526971,162526971,G,A,intronic,SLC4A10
305125,chr2,162544744,162544744,A,G,intronic,SLC4A10
305126,chr2,162551718,162551718,G,A,intronic,SLC4A10
305127,chr2,162556360,162556360,G,A,intronic,SLC4A10
305128,chr2,162563553,162563553,G,A,intronic,SLC4A10
305129,chr2,162566045,162566045,T,G,intronic,SLC4A10
305130,chr2,162566936,162566936,T,C,intronic,SLC4A10
305131,chr2,162580384,162580384,C,A,intronic,SLC4A10
305132,chr2,162580936,162580936,G,A,intronic,SLC4A10
305133,chr2,162581030,162581030,T,C,intronic,SLC4A10
305134,chr2,162592328,162592328,T,C,intronic,SLC4A10
305135,chr2,162615115,162615115,T,C,intronic,SLC4A10
305136,chr2,162619567,162619567,T,C,intronic,SLC4A10
305137,chr2,162629343,162629343,T,C,intronic,SLC4A10
305138,chr2,162632256,162632256,G,T,intronic,SLC4A10
305139,chr2,162636614,162636614,T,C,intronic,SLC4A10
305140,chr2,162639726,162639726,C,A,intronic,SLC4A10
305141,chr2,162657955,162657955,A,C,intronic,SLC4A10
305142,chr2,162668812,162668812,C,A,intronic,SLC4A10
305143,chr2,162669284,162669284,T,C,intronic,SLC4A10
305144,chr2,162680512,162680512,C,T,intronic,SLC4A10
305145,chr2,162680702,162680702,A,G,intronic,SLC4A10
305146,chr2,162688490,162688490,A,G,intronic,SLC4A10
305147,chr2,162696414,162696414,C,T,exonic,SLC4A10
305148,chr2,162697503,162697503,A,G,intronic,SLC4A10
305149,chr2,162699576,162699576,A,G,intronic,SLC4A10
305150,chr2,162703227,162703227,C,A,intronic,SLC4A10
305151,chr2,162715135,162715135,C,T,intronic,SLC4A10
305152,chr2,162720101,162720101,T,G,intronic,SLC4A10
305153,chr2,162731186,162731186,G,A,intronic,SLC4A10
305154,chr2,162732719,162732719,A,G,intronic,SLC4A10
305155,chr2,162735254,162735254,A,G,intronic,SLC4A10
305156,chr2,162736529,162736529,A,G,intronic,SLC4A10
305157,chr2,162737714,162737714,G,T,intronic,SLC4A10
305158,chr2,162740349,162740349,G,A,intronic,SLC4A10
305159,chr2,162749056,162749056,T,G,intronic,SLC4A10
305160,chr2,162756254,162756254,A,C,intronic,SLC4A10
305161,chr2,162756378,162756378,A,G,intronic,SLC4A10
305162,chr2,162758875,162758875,T,C,intronic,SLC4A10
305163,chr2,162760195,162760195,C,T,intronic,SLC4A10
305164,chr2,162760974,162760974,A,G,intronic,SLC4A10
305165,chr2,162772897,162772897,A,G,intronic,SLC4A10
305166,chr2,162773915,162773915,G,A,intronic,SLC4A10
305167,chr2,162779958,162779958,T,C,intronic,SLC4A10
305168,chr2,162785323,162785323,C,T,intronic,SLC4A10
305169,chr2,162793798,162793798,G,A,intronic,SLC4A10
305170,chr2,162797621,162797621,C,T,intronic,SLC4A10
305171,chr2,162798581,162798581,A,G,intronic,SLC4A10
305172,chr2,162801454,162801454,G,A,intronic,SLC4A10
305173,chr2,162808640,162808640,C,T,intronic,SLC4A10
305174,chr2,162811186,162811186,A,G,intronic,SLC4A10
305175,chr2,162813807,162813807,A,G,intronic,SLC4A10
305176,chr2,162816167,162816167,G,A,intronic,SLC4A10
305177,chr2,162818621,162818621,C,T,intronic,SLC4A10
305178,chr2,162821515,162821515,G,A,intronic,SLC4A10
305179,chr2,162825174,162825174,C,T,intronic,SLC4A10
305180,chr2,162828001,162828001,G,A,intronic,SLC4A10
305181,chr2,162829902,162829902,C,T,intronic,SLC4A10
305182,chr2,162831756,162831756,G,T,intronic,SLC4A10
305183,chr2,162834595,162834595,G,T,intronic,SLC4A10
305184,chr2,162846439,162846439,G,A,intergenic,SLC4A10;DPP4
351463,chr22,32151214,32151214,A,G,intronic,DEPDC5
351464,chr22,32151704,32151704,T,C,intronic,DEPDC5
351465,chr22,32181937,32181937,G,A,intronic,DEPDC5
351466,chr22,32196181,32196181,G,T,intronic,DEPDC5
351467,chr22,32198862,32198862,C,T,intronic,DEPDC5
351468,chr22,32205234,32205234,A,G,intronic,DEPDC5
351469,chr22,32210300,32210300,G,A,intronic,DEPDC5
351470,chr22,32220629,32220629,C,T,intronic,DEPDC5
351471,chr22,32224673,32224673,G,A,intronic,DEPDC5
351472,chr22,32229649,32229649,G,A,intronic,DEPDC5
351473,chr22,32230185,32230185,G,A,intronic,DEPDC5
351474,chr22,32230348,32230348,G,T,intronic,DEPDC5
351475,chr22,32230916,32230916,G,A,intronic,DEPDC5
351476,chr22,32248244,32248244,T,C,intronic,DEPDC5
351477,chr22,32250725,32250725,A,G,intronic,DEPDC5
351478,chr22,32254057,32254057,A,G,intronic,DEPDC5
351479,chr22,32255802,32255802,G,A,intronic,DEPDC5
351480,chr22,32263131,32263131,C,T,intronic,DEPDC5
351481,chr22,32264531,32264531,C,T,intronic,DEPDC5
351482,chr22,32265759,32265759,G,A,intronic,DEPDC5
351483,chr22,32265903,32265903,T,G,intronic,DEPDC5
351484,chr22,32267042,32267042,A,G,intronic,DEPDC5
351485,chr22,32268400,32268400,A,G,intronic,DEPDC5
351486,chr22,32272658,32272658,G,A,intronic,DEPDC5
351487,chr22,32275353,32275353,T,C,intronic,DEPDC5
351488,chr22,32275789,32275789,G,A,intronic,DEPDC5
351489,chr22,32275942,32275942,C,T,intronic,DEPDC5
351490,chr22,32280610,32280610,C,T,intronic,DEPDC5
351491,chr22,32285303,32285303,T,G,intronic,DEPDC5
351492,chr22,32286367,32286367,C,T,intronic,DEPDC5
351493,chr22,32296000,32296000,G,A,intronic,DEPDC5
351494,chr22,32303780,32303780,G,A,downstream,DEPDC5
351495,chr22,32315735,32315735,C,T,intergenic,DEPDC5;C22orf24
351496,chr22,32322384,32322384,T,C,intergenic,DEPDC5;C22orf24
351497,chr22,32323511,32323511,T,G,intergenic,DEPDC5;C22orf24
351498,chr22,32324140,32324140,C,T,intergenic,DEPDC5;C22orf24
351499,chr22,32326238,32326238,G,A,intergenic,DEPDC5;C22orf24
351500,chr22,32327794,32327794,A,G,intergenic,DEPDC5;C22orf24
366387,chr3,43102291,43102291,C,T,intergenic,GASK1A;POMGNT2
366388,chr3,43104383,43104383,A,G,intergenic,GASK1A;POMGNT2
366389,chr3,43105018,43105018,G,A,intergenic,GASK1A;POMGNT2
366390,chr3,43113263,43113263,C,T,intergenic,GASK1A;POMGNT2
366391,chr3,43116170,43116170,C,T,intergenic,GASK1A;POMGNT2
366392,chr3,43120835,43120835,T,G,UTR3,POMGNT2
366393,chr3,43125190,43125190,C,T,intronic,POMGNT2
366394,chr3,43125481,43125481,C,T,intronic,POMGNT2
366395,chr3,43126405,43126405,C,T,intronic,POMGNT2
366396,chr3,43129337,43129337,T,C,intronic,POMGNT2
366397,chr3,43133019,43133019,C,T,intronic,POMGNT2
366398,chr3,43134448,43134448,G,A,intronic,POMGNT2
366399,chr3,43153419,43153419,T,C,intergenic,POMGNT2;SNRK
366400,chr3,43161571,43161571,C,T,intergenic,POMGNT2;SNRK
366401,chr3,43168222,43168222,A,C,intergenic,POMGNT2;SNRK
366402,chr3,43174229,43174229,G,A,intergenic,POMGNT2;SNRK
366403,chr3,43175207,43175207,A,G,intergenic,POMGNT2;SNRK
366404,chr3,43176153,43176153,T,C,intergenic,POMGNT2;SNRK
366405,chr3,43179134,43179134,G,A,intergenic,POMGNT2;SNRK
366406,chr3,43186244,43186244,G,A,intergenic,POMGNT2;SNRK
366407,chr3,43190465,43190465,G,A,intergenic,POMGNT2;SNRK
366408,chr3,43202378,43202378,T,C,intergenic,POMGNT2;SNRK
366409,chr3,43204084,43204084,C,T,intergenic,POMGNT2;SNRK
366410,chr3,43204692,43204692,C,T,intergenic,POMGNT2;SNRK
366411,chr3,43205962,43205962,G,A,intergenic,POMGNT2;SNRK
366412,chr3,43220849,43220849,C,T,intergenic,POMGNT2;SNRK
366413,chr3,43223447,43223447,C,A,intergenic,POMGNT2;SNRK
366414,chr3,43226220,43226220,A,G,intergenic,POMGNT2;SNRK
366415,chr3,43227494,43227494,T,C,intergenic,POMGNT2;SNRK
366416,chr3,43228126,43228126,C,T,intergenic,POMGNT2;SNRK
366417,chr3,43231767,43231767,T,C,intergenic,POMGNT2;SNRK
366418,chr3,43233899,43233899,C,T,intergenic,POMGNT2;SNRK
366419,chr3,43236667,43236667,C,T,intergenic,POMGNT2;SNRK
366420,chr3,43237331,43237331,C,T,intergenic,POMGNT2;SNRK
366421,chr3,43241273,43241273,G,A,intergenic,POMGNT2;SNRK
366422,chr3,43243113,43243113,A,C,intergenic,POMGNT2;SNRK
366423,chr3,43246004,43246004,C,T,intergenic,POMGNT2;SNRK
366424,chr3,43250297,43250297,C,A,intergenic,POMGNT2;SNRK
366425,chr3,43250443,43250443,G,A,intergenic,POMGNT2;SNRK
366426,chr3,43256744,43256744,C,T,intergenic,POMGNT2;SNRK
366427,chr3,43256792,43256792,A,G,intergenic,POMGNT2;SNRK
366428,chr3,43257188,43257188,T,C,intergenic,POMGNT2;SNRK
366429,chr3,43263908,43263908,C,A,intergenic,POMGNT2;SNRK
366430,chr3,43266311,43266311,G,A,intergenic,POMGNT2;SNRK
366431,chr3,43285396,43285396,G,T,intergenic,POMGNT2;SNRK
366432,chr3,43286041,43286041,G,A,intergenic,POMGNT2;SNRK
366433,chr3,43293238,43293238,A,G,intergenic,POMGNT2;SNRK
366434,chr3,43294971,43294971,T,C,intergenic,POMGNT2;SNRK
366435,chr3,43300871,43300871,C,A,intergenic,POMGNT2;SNRK
366436,chr3,43302159,43302159,A,G,intergenic,POMGNT2;SNRK
366437,chr3,43302377,43302377,G,A,intergenic,POMGNT2;SNRK
366438,chr3,43303085,43303085,G,A,intergenic,POMGNT2;SNRK
366439,chr3,43303296,43303296,A,G,intergenic,POMGNT2;SNRK
430717,chr4,146482020,146482020,T,G,intergenic,SMAD1;MMAA
430718,chr4,146484862,146484862,G,A,intergenic,SMAD1;MMAA
430719,chr4,146488217,146488217,G,A,intergenic,SMAD1;MMAA
430720,chr4,146488327,146488327,A,C,intergenic,SMAD1;MMAA
430721,chr4,146524560,146524560,T,G,intergenic,SMAD1;MMAA
430722,chr4,146531507,146531507,G,A,intergenic,SMAD1;MMAA
430723,chr4,146535293,146535293,T,C,intergenic,SMAD1;MMAA
430724,chr4,146539630,146539630,C,T,upstream,MMAA
430725,chr4,146551432,146551432,A,G,intronic,MMAA
430726,chr4,146555290,146555290,C,T,intronic,MMAA
430727,chr4,146560236,146560236,A,G,UTR5,MMAA
430728,chr4,146560838,146560838,A,G,intronic,MMAA
430729,chr4,146562624,146562624,A,G,intronic,MMAA
430730,chr4,146567584,146567584,T,G,intronic,MMAA
430731,chr4,146572140,146572140,G,A,intronic,MMAA
430732,chr4,146572227,146572227,G,A,exonic,MMAA
430733,chr4,146573375,146573375,C,A,intronic,MMAA
430734,chr4,146579452,146579452,A,G,UTR3,MMAA
430735,chr4,146586214,146586214,A,G,intergenic,MMAA;C4orf51
430736,chr4,146589011,146589011,T,C,intergenic,MMAA;C4orf51
430737,chr4,146589780,146589780,C,T,intergenic,MMAA;C4orf51
430738,chr4,146592982,146592982,T,G,intergenic,MMAA;C4orf51
430739,chr4,146593597,146593597,A,G,intergenic,MMAA;C4orf51
430740,chr4,146594098,146594098,A,C,intergenic,MMAA;C4orf51
470798,chr5,133256102,133256102,C,A,intergenic,WSPAR;C5orf15
515353,chr6,150393683,150393683,A,G,intergenic,ULBP3;PPP1R14C
515354,chr6,150400488,150400488,T,G,intergenic,ULBP3;PPP1R14C
515355,chr6,150405696,150405696,G,A,intergenic,ULBP3;PPP1R14C
515356,chr6,150407607,150407607,G,A,intergenic,ULBP3;PPP1R14C
515357,chr6,150408096,150408096,T,G,intergenic,ULBP3;PPP1R14C
515358,chr6,150408946,150408946,G,A,intergenic,ULBP3;PPP1R14C
515359,chr6,150411102,150411102,T,C,intergenic,ULBP3;PPP1R14C
515360,chr6,150411442,150411442,A,C,intergenic,ULBP3;PPP1R14C
515361,chr6,150412758,150412758,C,A,intergenic,ULBP3;PPP1R14C
515362,chr6,150412833,150412833,C,T,intergenic,ULBP3;PPP1R14C
515363,chr6,150414026,150414026,C,T,intergenic,ULBP3;PPP1R14C
515364,chr6,150416202,150416202,C,T,intergenic,ULBP3;PPP1R14C
515365,chr6,150416731,150416731,G,A,intergenic,ULBP3;PPP1R14C
515366,chr6,150417544,150417544,G,A,intergenic,ULBP3;PPP1R14C
515367,chr6,150419808,150419808,T,C,intergenic,ULBP3;PPP1R14C
515368,chr6,150420044,150420044,G,A,intergenic,ULBP3;PPP1R14C
515369,chr6,150421333,150421333,T,C,intergenic,ULBP3;PPP1R14C
515370,chr6,150422657,150422657,C,T,intergenic,ULBP3;PPP1R14C
515371,chr6,150422903,150422903,A,G,intergenic,ULBP3;PPP1R14C
515372,chr6,150426272,150426272,G,A,intergenic,ULBP3;PPP1R14C
515373,chr6,150428735,150428735,G,A,intergenic,ULBP3;PPP1R14C
515374,chr6,150429697,150429697,A,G,intergenic,ULBP3;PPP1R14C
515375,chr6,150430359,150430359,T,C,intergenic,ULBP3;PPP1R14C
515376,chr6,150432832,150432832,G,A,intergenic,ULBP3;PPP1R14C
515377,chr6,150434824,150434824,C,T,intergenic,ULBP3;PPP1R14C
515378,chr6,150437749,150437749,A,G,intergenic,ULBP3;PPP1R14C
515379,chr6,150442936,150442936,C,T,intergenic,ULBP3;PPP1R14C
515380,chr6,150445240,150445240,T,C,intergenic,ULBP3;PPP1R14C
515381,chr6,150447142,150447142,A,G,intergenic,ULBP3;PPP1R14C
515382,chr6,150448358,150448358,T,C,intergenic,ULBP3;PPP1R14C
515383,chr6,150449865,150449865,G,A,intergenic,ULBP3;PPP1R14C
515384,chr6,150449951,150449951,G,A,intergenic,ULBP3;PPP1R14C
515385,chr6,150450034,150450034,A,G,intergenic,ULBP3;PPP1R14C
515386,chr6,150451024,150451024,T,C,intergenic,ULBP3;PPP1R14C
515387,chr6,150451692,150451692,T,C,intergenic,ULBP3;PPP1R14C
515388,chr6,150452268,150452268,G,T,intergenic,ULBP3;PPP1R14C
515389,chr6,150452697,150452697,T,G,intergenic,ULBP3;PPP1R14C
515390,chr6,150454520,150454520,C,T,intergenic,ULBP3;PPP1R14C
515391,chr6,150465300,150465300,T,C,intronic,PPP1R14C
515392,chr6,150467100,150467100,T,C,intronic,PPP1R14C
515393,chr6,150471263,150471263,C,T,intronic,PPP1R14C
515394,chr6,150476086,150476086,A,C,intronic,PPP1R14C
515395,chr6,150477700,150477700,G,T,intronic,PPP1R14C
515396,chr6,150482531,150482531,A,C,intronic,PPP1R14C
515397,chr6,150483531,150483531,A,G,intronic,PPP1R14C
515398,chr6,150499889,150499889,A,G,intronic,PPP1R14C
515399,chr6,150501505,150501505,G,A,intronic,PPP1R14C
515400,chr6,150502047,150502047,G,A,intronic,PPP1R14C
515401,chr6,150503395,150503395,A,G,intronic,PPP1R14C
515402,chr6,150504354,150504354,G,A,intronic,PPP1R14C
515403,chr6,150504997,150504997,A,G,intronic,PPP1R14C
515404,chr6,150506330,150506330,G,A,intronic,PPP1R14C
515405,chr6,150506671,150506671,G,A,intronic,PPP1R14C
515406,chr6,150511399,150511399,A,G,intronic,PPP1R14C
515407,chr6,150512533,150512533,A,G,intronic,PPP1R14C
515408,chr6,150531799,150531799,G,A,intronic,PPP1R14C
515409,chr6,150532152,150532152,T,G,intronic,PPP1R14C
515410,chr6,150532221,150532221,G,A,intronic,PPP1R14C
515411,chr6,150550973,150550973,C,T,intronic,PPP1R14C
515412,chr6,150552188,150552188,G,A,intronic,PPP1R14C
515413,chr6,150557220,150557220,T,C,intronic,PPP1R14C
515414,chr6,150559591,150559591,G,A,intronic,PPP1R14C
515415,chr6,150561269,150561269,A,G,intronic,PPP1R14C
515416,chr6,150575305,150575305,C,T,intergenic,PPP1R14C;IYD
515417,chr6,150579911,150579911,T,C,intergenic,PPP1R14C;IYD
515418,chr6,150581193,150581193,G,A,intergenic,PPP1R14C;IYD
515419,chr6,150582038,150582038,T,G,intergenic,PPP1R14C;IYD
515420,chr6,150594272,150594272,A,G,intergenic,PPP1R14C;IYD
515421,chr6,150596143,150596143,T,C,intergenic,PPP1R14C;IYD
515422,chr6,150599561,150599561,T,G,intergenic,PPP1R14C;IYD
515423,chr6,150602615,150602615,G,A,intergenic,PPP1R14C;IYD
515424,chr6,150606341,150606341,A,G,intergenic,PPP1R14C;IYD
515425,chr6,150608138,150608138,G,A,intergenic,PPP1R14C;IYD
515426,chr6,150611474,150611474,T,C,intergenic,PPP1R14C;IYD
515427,chr6,150611573,150611573,T,C,intergenic,PPP1R14C;IYD
515428,chr6,150617997,150617997,C,T,intergenic,PPP1R14C;IYD
515429,chr6,150619540,150619540,G,A,intergenic,PPP1R14C;IYD
515430,chr6,150625032,150625032,G,A,intergenic,PPP1R14C;IYD
515431,chr6,150649726,150649726,T,C,intergenic,PPP1R14C;IYD
515432,chr6,150651900,150651900,G,A,intergenic,PPP1R14C;IYD
515433,chr6,150652880,150652880,C,A,intergenic,PPP1R14C;IYD
515434,chr6,150654122,150654122,A,G,intergenic,PPP1R14C;IYD
515435,chr6,150657209,150657209,A,G,intergenic,PPP1R14C;IYD
515436,chr6,150658401,150658401,A,G,intergenic,PPP1R14C;IYD
515437,chr6,150659847,150659847,G,A,intergenic,PPP1R14C;IYD
515438,chr6,150659881,150659881,C,T,intergenic,PPP1R14C;IYD
515439,chr6,150665752,150665752,G,A,intergenic,PPP1R14C;IYD
515440,chr6,150670899,150670899,C,T,intergenic,PPP1R14C;IYD
515441,chr6,150673177,150673177,A,G,intergenic,PPP1R14C;IYD
515442,chr6,150673215,150673215,G,A,intergenic,PPP1R14C;IYD
515443,chr6,150680274,150680274,C,T,intergenic,PPP1R14C;IYD
515444,chr6,150681656,150681656,C,T,intergenic,PPP1R14C;IYD
515445,chr6,150682343,150682343,G,A,intergenic,PPP1R14C;IYD
515446,chr6,150685348,150685348,T,C,intergenic,PPP1R14C;IYD
515447,chr6,150685999,150685999,A,G,intergenic,PPP1R14C;IYD
515448,chr6,150687174,150687174,A,G,intergenic,PPP1R14C;IYD
543167,chr7,95173570,95173570,T,C,intergenic,ASB4;PDK4
543168,chr7,95179261,95179261,T,C,intergenic,ASB4;PDK4
543169,chr7,95179593,95179593,G,A,intergenic,ASB4;PDK4
543170,chr7,95180018,95180018,G,A,intergenic,ASB4;PDK4
543171,chr7,95180888,95180888,C,T,intergenic,ASB4;PDK4
543172,chr7,95186726,95186726,T,G,intergenic,ASB4;PDK4
543173,chr7,95186950,95186950,T,C,intergenic,ASB4;PDK4
543174,chr7,95188015,95188015,C,T,intergenic,ASB4;PDK4
543175,chr7,95190248,95190248,G,T,intergenic,ASB4;PDK4
543176,chr7,95198625,95198625,A,G,intergenic,ASB4;PDK4
543177,chr7,95210386,95210386,G,A,intergenic,ASB4;PDK4
543178,chr7,95213702,95213702,G,A,UTR3,PDK4
543179,chr7,95214658,95214658,T,G,UTR3,PDK4
543180,chr7,95215272,95215272,T,C,intronic,PDK4
543181,chr7,95216247,95216247,A,G,intronic,PDK4
543182,chr7,95216262,95216262,A,G,intronic,PDK4
543183,chr7,95218438,95218438,T,C,intronic,PDK4
543184,chr7,95221269,95221269,C,T,intronic,PDK4
543185,chr7,95222819,95222819,A,G,intronic,PDK4
543186,chr7,95225106,95225106,T,G,intronic,PDK4
543187,chr7,95230261,95230261,T,G,intergenic,PDK4;DYNC1I1
543188,chr7,95232839,95232839,C,T,intergenic,PDK4;DYNC1I1
543189,chr7,95233924,95233924,A,G,intergenic,PDK4;DYNC1I1
543190,chr7,95236687,95236687,G,A,intergenic,PDK4;DYNC1I1
543191,chr7,95238104,95238104,C,T,intergenic,PDK4;DYNC1I1
543192,chr7,95241819,95241819,T,C,intergenic,PDK4;DYNC1I1
543193,chr7,95248369,95248369,T,C,intergenic,PDK4;DYNC1I1
543194,chr7,95248702,95248702,C,T,intergenic,PDK4;DYNC1I1
543195,chr7,95250693,95250693,A,G,intergenic,PDK4;DYNC1I1
543196,chr7,95250806,95250806,A,C,intergenic,PDK4;DYNC1I1
543197,chr7,95253612,95253612,G,A,intergenic,PDK4;DYNC1I1
543198,chr7,95256691,95256691,C,T,intergenic,PDK4;DYNC1I1
543199,chr7,95259612,95259612,T,C,intergenic,PDK4;DYNC1I1
543200,chr7,95261859,95261859,T,C,intergenic,PDK4;DYNC1I1
543201,chr7,95262116,95262116,G,A,intergenic,PDK4;DYNC1I1
543202,chr7,95270506,95270506,G,A,intergenic,PDK4;DYNC1I1
543203,chr7,95278056,95278056,A,G,intergenic,PDK4;DYNC1I1
543204,chr7,95279968,95279968,G,A,intergenic,PDK4;DYNC1I1
543205,chr7,95287106,95287106,T,C,intergenic,PDK4;DYNC1I1
543206,chr7,95287210,95287210,C,T,intergenic,PDK4;DYNC1I1
543207,chr7,95289304,95289304,A,G,intergenic,PDK4;DYNC1I1
543208,chr7,95294658,95294658,T,C,intergenic,PDK4;DYNC1I1
543209,chr7,95298755,95298755,A,G,intergenic,PDK4;DYNC1I1
543210,chr7,95298992,95298992,G,A,intergenic,PDK4;DYNC1I1
543211,chr7,95299565,95299565,T,C,intergenic,PDK4;DYNC1I1
543212,chr7,95305368,95305368,G,A,intergenic,PDK4;DYNC1I1
543213,chr7,95306524,95306524,G,A,intergenic,PDK4;DYNC1I1
543214,chr7,95313570,95313570,A,G,intergenic,PDK4;DYNC1I1
543215,chr7,95313664,95313664,A,G,intergenic,PDK4;DYNC1I1
543216,chr7,95314175,95314175,C,T,intergenic,PDK4;DYNC1I1
543217,chr7,95315537,95315537,A,G,intergenic,PDK4;DYNC1I1
543218,chr7,95318217,95318217,G,A,intergenic,PDK4;DYNC1I1
543219,chr7,95320949,95320949,C,T,intergenic,PDK4;DYNC1I1
543220,chr7,95323923,95323923,G,A,intergenic,PDK4;DYNC1I1
543221,chr7,95325141,95325141,G,A,intergenic,PDK4;DYNC1I1
543222,chr7,95325734,95325734,A,G,intergenic,PDK4;DYNC1I1
543223,chr7,95347947,95347947,T,C,intergenic,PDK4;DYNC1I1
543224,chr7,95348453,95348453,C,T,intergenic,PDK4;DYNC1I1
543225,chr7,95349686,95349686,T,C,intergenic,PDK4;DYNC1I1
543226,chr7,95354035,95354035,C,T,intergenic,PDK4;DYNC1I1
543227,chr7,95356284,95356284,T,C,intergenic,PDK4;DYNC1I1
543228,chr7,95362855,95362855,C,T,intergenic,PDK4;DYNC1I1
543229,chr7,95363861,95363861,T,C,intergenic,PDK4;DYNC1I1
543230,chr7,95373302,95373302,A,C,intergenic,PDK4;DYNC1I1
543231,chr7,95377966,95377966,C,T,intergenic,PDK4;DYNC1I1
543232,chr7,95385180,95385180,T,C,intergenic,PDK4;DYNC1I1
543233,chr7,95388694,95388694,G,A,intergenic,PDK4;DYNC1I1
543234,chr7,95389513,95389513,C,T,intergenic,PDK4;DYNC1I1
543235,chr7,95395681,95395681,C,T,intergenic,PDK4;DYNC1I1
543236,chr7,95399229,95399229,C,T,intergenic,PDK4;DYNC1I1
618701,chr9,119451238,119451238,G,A,intronic,ASTN2;TRIM32
618702,chr9,119453455,119453455,C,T,intronic,ASTN2;TRIM32
618703,chr9,119457713,119457713,A,G,intronic,ASTN2;TRIM32
618704,chr9,119458020,119458020,C,T,intronic,ASTN2;TRIM32
618705,chr9,119461275,119461275,G,A,exonic,TRIM32
618706,chr9,119462112,119462112,C,T,UTR3,TRIM32